"ISO3V10","Country","EPI_regions","Landlock","NoFor","NoEle","GDPCAP","GDPgroup","POP","EPI","EH","EV","eh.eh","ev.water","eh.water","ev.cc","eh.air","ev.air","ev.forest","ev.fish","ev.ag","ev.bh","ACSATINV","CHMORT","INDOOR","PM25","WATSUPINV","AGSUB","AZE","CO2CAP","CO2GDP","CO2KWH","FORCOVINV","FORGROINV","FORLOSS","FSOC","MPAEEZ","PACOV","POPs","RENEW","SO2CAP","SO2GDP","TCEEZ","WATUSEINV","EPI_trend","EH_trend","EV_trend","EH_EH_trend","EV_Water_trend","EH_Water_trend","EV_CC_trend","EH_Air_trend","EV_Air_trend","EV_Forest_trend","EV_Fish_trend","EV_Ag_trend","EV_BH_trend","ACSATINV_trend","CHMORT_trend","INDOOR_trend","PM25_trend","WATSUPINV_trend","AGSUB_trend","AZE_trend","CO2CAP_trend","CO2GDP_trend","CO2KWH_trend","FORLOSS_trend","FORGROINV_trend","FORCOVINV_trend","FSOC_trend","MPAEEZ_trend","PACOV_trend","POPs_trend","RENEW_trend","SO2CAP_trend","SO2GDP_trend","TCEEZ_trend","WATUSEINV_trend"
"ABW","Aruba","Latin America and Caribbean",0,1,0,22072.5,"Upper",107488,NA,NA,NA,78.23,48.16,100,NA,NA,NA,NA,41.16,0,0.09,NA,78.23,NA,NA,100,NA,NA,NA,NA,NA,NA,NA,NA,0,0,0.18,0,NA,NA,NA,82.31,48.16,NA,NA,NA,15.35,-25.92,39.88,NA,NA,NA,NA,2.38,0,0,NA,15.35,NA,NA,39.88,NA,NA,NA,NA,NA,NA,NA,NA,0,0,0,0,NA,NA,NA,4.75,-25.92
"AFG","Afghanistan","South Asia",1,0,0,879.032667,"Lower",34385068.12,NA,15.96,NA,9.35,3.12,9.64,NA,35.49,NA,90.14,NA,0,1.45,9.89,9.35,2.18,68.8,9.4,NA,0,NA,NA,NA,100,100,70.42,NA,NA,2.18,0,NA,NA,NA,NA,3.12,NA,6.3,NA,11.21,-48.44,15.57,NA,-12.78,NA,-4.93,NA,0,0,5.71,11.21,1.43,-26.98,25.42,NA,0,NA,NA,NA,-14.79,0,0,NA,NA,0,0,NA,NA,NA,NA,-48.44
"AGO","Angola","Sub-Saharan Africa",0,0,0,5454.38381,"Middle",19081912,47.57,20.84,59.02,10.27,59.34,14.14,68.9,48.7,72.23,83.39,30.54,66.67,41.2,18,10.27,8.91,88.49,10.27,100,0,100,56.33,18.52,54.44,95.73,100,46.15,26.43,65.59,0,76.05,74.56,69.89,14.94,59.34,15.64,22.77,9.81,22.63,-20.33,17.6,21.91,28.2,47.66,-8.31,19.35,0,0,25.05,22.63,6.41,50,10.15,0,0,0,19.74,50,0,-2.14,-22.78,49.65,0,0,0,50,45.32,50,-10.95,-20.33
"AIA","Anguilla","Latin America and Caribbean",0,1,0,11600.98,"Middle",14766,NA,NA,NA,NA,64.02,NA,NA,NA,NA,100,48.46,66.67,52.27,NA,NA,NA,NA,NA,100,NA,NA,NA,NA,100,NA,100,0,52.29,29.59,0,NA,NA,NA,96.92,64.02,NA,NA,NA,NA,-17.99,NA,NA,NA,NA,0,0,0,0.16,NA,NA,NA,NA,NA,0,NA,NA,NA,NA,0,NA,0,0,0.15,11.56,0,NA,NA,NA,0,-17.99
"ALB","Albania","Eastern Europe and Central Asia",0,0,0,7667.374419,"Middle",3204284,65.85,82.19,58.85,78.23,23.19,72.28,85.85,100,57.54,58.34,17.4,66.67,61.72,76.2,78.23,NA,100,68.36,100,NA,100,68.84,78.95,61.67,42.93,70.42,11.34,76.58,59.06,0,99.39,56.89,58.19,23.47,23.19,16.8,22.12,12.45,31.74,-38.4,25,26.45,0,12.82,-20.83,8.42,0,40.28,50,31.74,NA,0,0,0,NA,-0.91,48.96,50,-14.79,-28.54,-19.17,0,8.06,46.05,0,14.24,8.46,17.18,16.84,-38.4
"AND","Andorra","Europe",1,0,0,43519.73,"Upper",84864,NA,NA,NA,NA,NA,100,NA,100,NA,100,NA,0,33.71,100,NA,100,NA,100,NA,NA,NA,NA,NA,100,NA,100,NA,NA,33.71,0,NA,NA,NA,NA,NA,NA,NA,NA,NA,NA,49.77,NA,0,NA,0,NA,0,0.16,50,NA,0,NA,49.54,NA,NA,NA,NA,NA,0,NA,0,NA,NA,0.16,0,NA,NA,NA,NA,NA
"ANT","Netherlands Antilles","Latin America and Caribbean",0,0,0,16200,"Upper",NA,NA,NA,31.31,80.63,42.25,NA,1.8,NA,9.34,91.54,42.41,0,52.99,NA,80.63,NA,NA,NA,NA,NA,0,0,11.99,100,NA,74.61,0,52.61,84.29,0,0,4.2,14.47,84.81,42.25,NA,NA,-3.56,12.03,-28.88,NA,-0.31,NA,20.51,-4.23,-25,0,0,NA,12.03,NA,NA,NA,NA,NA,0,-1.1,0.49,-12.69,NA,0,-50,0,0,0,0,14.89,26.13,0,-28.88
"ARE","United Arab Emirates","Middle East and North Africa",0,1,0,34750.50625,"Upper",7511690,50.91,87.69,35.15,91.43,10.27,84.98,2.78,82.94,32.53,100,28.67,28.24,85.72,69.96,91.43,100,65.87,100,42.36,NA,0,6.27,3.93,100,100,NA,28.56,81.52,86.94,0,0,15.24,49.81,28.78,10.27,9.57,18.75,2.05,50,-44.86,0,2.41,-25,15.02,0,-17.75,0,25.97,0,50,0,-50,0,0,NA,0,2.9,9.27,NA,0,0,-31.21,12.52,29.86,0,0,15.75,14.28,-4.3,-44.86
"ARG","Argentina","Latin America and Caribbean",0,0,0,14362.61581,"Upper",40412376,56.48,80.75,46.09,82.39,24.58,58.2,44.99,100,61.72,50.51,16.55,92.42,43.05,48.04,82.39,100,100,68.36,100,61.92,56.47,53.41,14.36,24.41,100,27.11,33.11,59.37,29.12,77.27,29.18,56.27,67.17,0,24.58,-0.51,12.66,-11.29,10.47,-37.71,4.68,-24.61,25,3.29,-24.75,14.69,0,0.03,-6.59,10.47,50,0,15.95,0,0,-50,14.35,-30.9,-36.44,0,-37.8,32.75,0,0.06,0,-50,0.02,6.57,-3.38,-37.71
"ARM","Armenia","Eastern Europe and Central Asia",1,0,0,4838.931526,"Middle",3092072,47.48,63.81,40.48,76.77,1.09,55.66,61.56,46.03,34.1,45.13,NA,65.08,32.54,48.04,76.77,19.46,72.6,63.27,56.72,3.38,95.94,52.8,27.69,9.69,25.71,100,NA,NA,47.12,81.82,35.67,38.64,29.57,NA,1.09,6.49,25.2,-8.83,33.94,-49.45,18.52,10.22,14.39,-31.84,-27.44,NA,0,7.21,7.47,33.94,12.08,16.71,29.58,0,0,-50,36.35,50,0,-37.15,-45.16,NA,NA,10.81,0,50,-50,-13.68,NA,-49.45
"ASM","American Samoa","East Asia and the Pacific",0,1,0,7752.79999,"Middle",68420,NA,NA,NA,NA,89.69,NA,NA,100,NA,100,46.89,0,98.47,NA,NA,100,NA,NA,NA,NA,NA,NA,NA,100,100,NA,19.22,98.52,1.29,0,NA,NA,NA,74.57,89.69,NA,NA,NA,NA,-5.15,NA,NA,0,NA,0,16.56,0,49.97,NA,NA,0,NA,NA,NA,NA,NA,NA,NA,NA,0,0,12.2,50,0,0,NA,NA,NA,20.92,-5.15
"ATG","Antigua and Barbuda","Latin America and Caribbean",0,0,0,14850.85143,"Upper",88710,NA,NA,NA,NA,60.89,54.32,NA,100,NA,86.96,76.26,22.94,51.25,61.18,NA,100,NA,47.45,34.4,NA,NA,NA,NA,100,NA,60.89,100,51.3,38,0,NA,NA,NA,52.53,60.89,NA,NA,NA,NA,-19.55,0,NA,41.73,NA,-6.52,10.85,0,5.14,0,NA,41.73,NA,0,0,NA,NA,NA,NA,-19.55,NA,0,50,5.12,8.67,0,NA,NA,NA,-28.3,-19.55
"AUS","Australia","East Asia and the Pacific",0,0,0,34139.22579,"Upper",22328800,56.61,98.99,38.45,97.99,33.21,100,13.38,100,10.83,27.19,36.7,34.97,85.43,100,97.99,100,100,100,52.45,99.9,3.35,31.61,0.32,30.54,NA,20.5,38.54,100,61.24,0,7.31,0,21.66,34.86,33.21,3.46,9.03,-1.1,18.05,-33.4,0,2.37,0,4.8,-36.4,18.6,2.57,12.63,0,18.05,0,0,0,3.85,0,-4.11,13.07,-0.15,-39.75,NA,-34.73,33.71,15.36,18.31,0,-4.96,0,9.61,3.49,-33.4
"AUT","Austria","Europe",1,0,0,35266.12433,"Upper",8384745,68.92,98.99,56.03,97.99,45.18,100,46.58,100,70.35,79.49,NA,49.77,58,100,97.99,100,100,100,29.2,0,34.53,56.23,27.73,100,71.64,66.83,NA,NA,87,90.91,71.02,57.21,83.5,NA,45.18,4.38,4.22,4.5,2.61,-27.41,0,16.13,11.65,12.25,-10.26,NA,34.04,0.04,0,2.61,0,23.31,0,36.48,0,15.89,14.34,28.98,-16.59,-14.18,0,NA,NA,0.06,29.17,8,14.97,9.52,NA,-27.41
"AZE","Azerbaijan","Eastern Europe and Central Asia",1,0,0,8918.712931,"Middle",9047932,43.11,51.43,39.55,60.43,5.01,21.65,44.33,63.21,28.05,100,NA,31.97,40.18,12.78,60.43,33.2,93.21,30.52,47.95,NA,69.66,47.36,10.2,100,100,100,NA,NA,40.18,0,12.25,32.26,23.84,NA,5.01,17.8,26.6,10.6,50,-47.49,8.77,43.98,-2.38,25.41,0,NA,0,5.94,1.22,50,9.46,-14.21,16.32,0,NA,50,50,44.77,0,0,0,NA,NA,5.94,0,15.12,10.68,40.14,NA,-47.49
"BDI","Burundi","Sub-Saharan Africa",1,0,0,366.4425346,"Lower",8382849,NA,22.16,NA,10.98,51.36,18.16,NA,48.52,NA,39.16,NA,81.82,53.34,13.17,10.98,0.15,96.89,23.16,NA,99.3,NA,NA,NA,18.92,NA,79.65,NA,NA,30.35,81.82,NA,NA,NA,NA,51.36,NA,12.68,NA,12.54,-24.32,0.62,NA,25.02,NA,-30.42,NA,0,0,1.25,12.54,0.04,50,0,NA,0,NA,NA,NA,-10.18,NA,-40.54,NA,NA,0,0,NA,NA,NA,NA,-24.32
"BEL","Belgium","Europe",0,0,0,32824.8309,"Upper",10879159,63.02,97.23,48.36,94.45,27.1,100,30.16,100,53.71,72.25,15.8,45.11,78.49,100,94.45,100,100,100,22.22,NA,26.96,48.52,18.87,100,64.68,52.07,27.87,39.19,81.12,90.91,6.06,39.58,67.84,3.73,27.1,12.36,4.91,18.47,6.23,-36.45,0,34.06,7.16,8.96,-13.87,5.09,28.84,46.87,0,6.23,0,14.32,0,18.26,NA,50,26.31,24.66,-23.96,-17.66,0,10.26,0,50,50,24.32,9.1,8.81,-0.08,-36.45
"BEN","Benin","Sub-Saharan Africa",0,0,1,1423.889327,"Lower",8849892,50.38,21.63,62.7,16.46,50.24,14.19,58.72,39.39,70.48,45.27,35.04,75.46,79.8,2.74,16.46,1.05,77.73,25.65,81.37,NA,100,40.9,3.96,17.9,NA,100,37.28,0,98.88,63.64,0,80.07,60.9,32.8,50.24,-1.37,7.51,-8.63,12.97,-24.88,10.55,-21.76,-6.45,20.44,-27.37,15.17,-19.4,0,2.48,12.97,0.11,-13.01,18.62,-29.1,NA,0,-50,-6.62,0,NA,-41.05,29.39,0,0,0,-15.79,20.23,20.65,0.94,-24.88
"BFA","Burkina Faso","Sub-Saharan Africa",1,1,0,1126.548608,"Lower",16468714,NA,14.86,NA,4.96,28.22,14.52,NA,35.01,NA,72.86,NA,59.08,83.82,2.5,4.96,1.05,68.97,26.54,65.89,NA,NA,NA,NA,18.59,100,100,NA,NA,83.82,45.45,NA,NA,NA,NA,28.22,NA,8.91,NA,10.6,-35.89,16.87,NA,-2.44,NA,-13.57,NA,-33.33,5.44,2.27,10.6,0.16,-5.04,31.46,-50,NA,NA,NA,NA,0,0,-40.7,NA,NA,5.44,0,NA,NA,NA,NA,-35.89
"BGD","Bangladesh","South Asia",0,0,0,1484.995695,"Lower",148692131,42.55,33.9,46.26,49.3,14.2,23.32,60.82,13.66,63.73,81.39,37.03,66.67,23.57,16.12,49.3,1.36,25.96,30.52,100,NA,100,68.06,9.23,58.23,100,85.95,57.08,69.34,10.76,0,4.1,75.59,51.87,16.98,14.2,8.36,23.14,-3.74,50,-42.9,6.55,0.69,-13.97,-0.86,-9.3,-7.88,33.33,0.86,10.42,50,-1.55,-26.39,2.68,50,NA,0,-10.14,37.52,-7.02,0,-20.89,0,2.5,0.4,0,-9.23,-5.22,3.49,-15.75,-42.9
"BGR","Bulgaria","Europe",0,0,0,11486.35823,"Middle",7543325,56.28,92.16,40.9,84.31,14.88,100,29.55,100,0,100,48.04,60.1,57.25,100,84.31,NA,100,100,44.7,NA,45.73,31.46,8.12,100,100,100,9.8,72.93,53.24,90.91,8.77,0,0,86.29,14.88,11.18,16.7,6.66,33.41,-42.56,0,4.22,0,0,0,28.95,-22.92,41.7,0,33.41,NA,0,0,-50,NA,-28.3,40.11,-13.47,0,0,0,7.9,19.34,47.42,31.25,14.02,0,0,50,-42.56
"BHR","Bahrain","Middle East and North Africa",0,1,0,23755.4762,"Upper",1261835,NA,NA,26.54,82.39,0,NA,2.56,100,14.99,NA,21.48,66.67,57.86,NA,82.39,100,NA,NA,100,NA,0,5.93,3.22,NA,NA,NA,42.73,68.82,7.47,0,0,3.8,26.17,0.23,0,NA,NA,5.24,8.8,-50,NA,2.32,0,14.41,NA,-19.12,0,41.07,NA,8.8,0,NA,NA,0,NA,0,5.09,3.58,NA,NA,NA,-30.97,50,0,0,0,11.96,16.85,-7.28,-50
"BHS","Bahamas","Latin America and Caribbean",0,1,0,22769.92232,"Upper",342877,NA,80.75,NA,70.69,62.57,81.64,NA,100,NA,83.43,42.09,0,64.17,100,70.69,100,NA,63.27,NA,NA,NA,NA,NA,100,100,50.28,24.22,63.55,79.59,0,NA,NA,NA,59.96,62.57,NA,9.54,NA,19.09,-18.71,0,NA,0,NA,-8.29,-3.01,0,6.5,0,19.09,0,NA,0,NA,NA,NA,NA,NA,-24.86,0,0,5.79,4.74,50,0,NA,NA,NA,-11.8,-18.71
"BIH","Bosnia and Herzegovina","Eastern Europe and Central Asia",0,0,0,7330.625428,"Middle",3760149,36.76,69.66,22.67,75.41,47.27,72.68,34.24,55.16,6.74,72.96,6.64,0,2.88,61.18,75.41,10.31,100,84.18,NA,NA,49.12,30.8,1.99,100,18.88,100,13.29,75.14,2.88,0,39.82,9.77,3.71,0,47.27,-4.69,2.45,-10.53,-6.56,-26.37,22.77,-23.88,0.15,-2.63,-13.52,0,0,0.75,0,-6.56,0.3,0,45.53,NA,NA,-50,1.85,3.15,0,-40.56,0,0,0,0.75,0,-50,-9.19,3.92,0,-26.37
"BLR","Belarus","Eastern Europe and Central Asia",1,0,0,12813.54688,"Middle",9490500,53.88,84.65,40.7,79,40.37,80.59,26.46,100,39.09,93.22,NA,28.46,42.47,61.18,79,100,100,100,42.7,NA,41.28,26.99,16.74,100,100,79.65,NA,NA,42.47,0,0.35,36.76,41.41,NA,40.37,6.93,16.44,-0.85,20.37,-29.82,0,4.83,25,16.18,-3.39,NA,0,0,0,20.37,50,0,0,0,NA,-32.34,50,-10.02,-10.18,0,0,NA,NA,0,0,1.02,7.39,24.98,NA,-29.82
"BLZ","Belize","Latin America and Caribbean",0,0,0,5934.152531,"Middle",344700,NA,65.99,NA,66.84,72.94,66.11,NA,64.18,NA,62.17,24.02,31.83,97.32,48.04,66.84,28.37,100,84.18,47.75,NA,NA,NA,NA,28.14,100,58.38,9.8,95.35,98.88,0,NA,NA,NA,38.24,72.94,NA,21.54,NA,19.45,-13.53,46.48,NA,0.76,NA,-18.91,-2.54,0,3.67,42.96,19.45,1.52,0,50,0,NA,NA,NA,NA,-20.81,0,-35.93,1.66,0.5,6.18,0,NA,NA,NA,-6.74,-13.53
"BMU","Bermuda","North America",0,1,0,70773.75,"Upper",64600,NA,NA,NA,NA,NA,NA,NA,100,NA,83.43,53.07,0,52.59,NA,NA,100,NA,NA,NA,75.1,NA,NA,NA,100,NA,50.28,12.6,45.08,100,0,NA,NA,NA,93.54,NA,NA,NA,NA,NA,NA,NA,NA,0,NA,-8.29,-1.14,0,0,NA,NA,0,NA,NA,NA,0,NA,NA,NA,-24.86,NA,0,4.71,0,0,0,NA,NA,NA,-6.98,NA
"BOL","Bolivia","Latin America and Caribbean",1,0,0,4352.61167,"Middle",9929849,54.57,41.51,60.17,42.47,45.39,22.18,54.7,58.94,56.26,45.24,NA,34.81,88.41,6.16,42.47,17.88,100,38.2,52.21,92.77,97.96,37.4,10.27,33.67,61.65,40.39,NA,NA,86.24,0,38.57,59.67,52.86,NA,45.39,-1.76,11.61,-12.7,16.09,-27.3,12.89,-23.36,1.37,-3.38,-27.38,NA,0,1.27,2.01,16.09,2.74,0,23.78,0,0,-22.37,-18.45,-10.46,-29.8,-19.18,-33.16,NA,NA,1.9,0,-50,-5.51,-1.24,NA,-27.3
"BRA","Brazil","Latin America and Caribbean",0,0,0,10055.89161,"Middle",194946470,60.9,62.07,60.4,63.96,44.87,51.2,71.64,69.15,46.08,56.37,28.49,58.29,76.76,34.03,63.96,38.3,100,68.36,44.26,61.08,87.61,60.64,42.67,39.09,100,30.02,39.79,80.17,82.71,86.36,89.04,43.31,48.84,17.19,44.87,10.64,22.53,0.91,27.92,-27.56,30.91,6.69,3.39,13.59,-21.82,-14.45,-6.75,18.29,16.28,27.92,6.78,0,45.53,-10.13,50,-13,13.78,36.56,-34.99,0,-30.46,-27.13,1.82,10.07,0,6.2,12.82,14.35,-1.77,-27.56
"BRB","Barbados","Latin America and Caribbean",0,1,0,17564.36616,"Upper",273331,NA,90.75,NA,81.49,33.7,100,NA,100,NA,100,50,81.82,13.61,100,81.49,100,NA,100,NA,NA,NA,NA,NA,100,NA,100,0,13.64,0.53,81.82,NA,NA,NA,100,33.7,NA,4.39,NA,8.79,-33.15,0,NA,0,NA,0,-0.58,0,0,0,8.79,0,NA,0,NA,NA,NA,NA,NA,0,NA,0,-11.76,0,0,0,NA,NA,NA,10.6,-33.15
"BRN","Brunei Darussalam","East Asia and the Pacific",0,0,0,45155.60531,"Upper",398920,62.49,77.76,55.94,86.43,99.64,38.19,5.17,100,37.06,66.73,67.63,44.25,90.7,33.29,86.43,100,NA,43.08,27.74,NA,0,13.7,2.48,36.52,100,63.68,NA,81.4,100,77.27,0,19.74,54.38,67.63,99.64,-1.3,12.29,-12.42,11.98,-0.18,25.2,-32.53,0,-17.07,-16.63,-8.98,0,0,28.49,11.98,0,NA,21.9,0,NA,-50,-49.53,15.39,-18.16,0,-31.74,NA,0,0,0,0,-19.24,-14.9,-8.98,-0.18
"BTN","Bhutan","South Asia",1,0,0,4780.12001,"Middle",725940,NA,42.94,NA,39.61,63.33,36.11,NA,56.44,NA,100,NA,0,91.41,22.35,39.61,12.88,100,49.86,NA,84.12,NA,NA,NA,100,100,100,NA,NA,95.06,0,NA,NA,NA,NA,63.33,NA,23.63,NA,42.03,-18.33,6.76,NA,3.7,NA,0,NA,0,0,5.99,42.03,7.4,0,7.53,NA,0,NA,NA,NA,0,0,0,NA,NA,0,0,NA,NA,NA,NA,-18.33
"BWA","Botswana","Sub-Saharan Africa",1,0,0,12459.20778,"Middle",2006945,53.74,45.69,57.18,43.76,37.76,39.32,48.53,55.93,17.48,73,NA,27.58,100,19.53,43.76,11.86,100,59.11,41.37,NA,80.18,58.49,0,18.99,100,100,NA,NA,100,0,0,14.09,20.87,NA,37.76,10.91,28.24,-3.27,50,-31.12,12.57,9.41,0.39,-2.69,-13.5,NA,0,0,16.26,50,0.78,0,8.87,0,NA,10.73,16.16,0,0,0,-40.5,NA,NA,0,0,0,-7.98,2.61,NA,-31.12
"CAF","Central African Republic","Sub-Saharan Africa",1,0,0,707.6358846,"Lower",4401051,NA,20.62,NA,9.97,80.75,14.21,NA,48.35,NA,88.36,NA,59.09,97.06,8.89,9.97,0.15,96.55,19.53,NA,NA,NA,NA,NA,65.09,100,100,NA,NA,97.06,59.09,NA,NA,NA,NA,80.75,NA,13.77,NA,13.48,-9.63,9.89,NA,18.23,NA,-5.82,NA,0,0,12.59,13.48,0,36.45,7.2,NA,NA,NA,NA,NA,0,0,-17.46,NA,NA,0,0,NA,NA,NA,NA,-9.63
"CAN","Canada","North America",0,0,0,35243.32728,"Upper",34108752,58.41,100,40.59,100,41.66,100,27.81,100,22.43,80.53,18.41,47.82,53.59,100,100,100,100,100,24.01,59.15,8.67,34.51,22.43,100,100,41.59,20.11,74.91,44.53,95.45,62.21,8.73,36.12,16.72,41.66,6.41,7.09,5.86,14.18,-29.17,0,22.83,0,11.78,-9.74,-1.84,4.11,11.8,0,14.18,0,0,0,6.17,0.03,30.3,16.26,32.55,-29.21,0,0,-3.67,7.81,18.19,0,10.99,10.91,12.64,-0.02,-29.17
"CHE","Switzerland","Europe",1,0,0,37441.02247,"Upper",7825243,76.69,93.22,69.61,86.43,50.76,100,58.21,100,72.57,78.51,NA,33.42,98.06,100,86.43,100,100,100,2.41,NA,46.57,66.6,68.43,100,41.13,94.4,NA,NA,98.06,95.45,55.56,59.32,85.82,NA,50.76,2.42,4.76,0.51,9.53,-24.62,0,10.88,0,0.63,-10.75,NA,3.57,5.37,0,9.53,0,0,0,5.36,NA,18.81,11.44,11.29,-2.8,-29.44,0,NA,NA,5.37,0,-9.33,0.02,1.24,NA,-24.62
"CHL","Chile","Latin America and Caribbean",0,0,0,13595.89975,"Middle",17113688,55.34,84.84,42.7,87.57,16.98,64.2,46.3,100,9.88,79.75,17.96,64.41,57.05,65.13,87.57,100,100,63.27,48.88,35.13,59.21,47.26,11.4,100,100,39.25,23.11,65.37,59.88,95.45,48.83,6.62,13.15,12.81,16.98,-1.18,13.72,-13.37,12.45,-41.51,29.98,-25.22,0,-11.71,-10.12,-31.54,35.29,0.47,40.61,12.45,0,0,19.36,27.93,0,-50,6.07,-44.54,-30.37,0,0,-20.66,0.77,0,50,-21.08,-17.46,-5.96,-42.42,-41.51
"CHN","China","East Asia and the Pacific",0,0,0,6810.087315,"Middle",1338299512,42.24,46.33,40.49,67.74,12.16,30.17,31.03,19.7,18.16,93.22,16.07,41.13,65.65,17.04,67.74,10.61,28.78,43.29,38.97,68.32,48.67,31.66,1.95,100,100,79.65,32.14,71.85,64.35,45.45,17.46,23.99,12.33,0,12.16,1.05,14.28,-9.76,18.69,-43.92,22.25,-16.95,-2.51,-13.28,-3.39,8.36,-3.75,6.09,9.18,18.69,1.7,-6.72,35.31,-5.63,3.31,-50,2.06,0.41,-10.18,0,0,16.72,1.08,7.35,0,-1.57,-26.64,0.09,0,-43.92
"CIV","CÃ´te d'Ivoire","Sub-Saharan Africa",0,0,0,1703.612216,"Lower",19737800,53.55,25.53,65.56,19.38,42.01,18.06,62.99,45.28,71.05,91.61,27.82,66.67,80.67,5.6,19.38,2.18,88.39,30.52,100,96.46,100,59.74,9.22,100,74.82,100,10.12,26.71,100,0,37.97,79.06,63.05,45.53,42.01,6.86,11.81,2.81,18.5,-28.99,3.38,0.3,6.88,50,-4.2,5.49,0,0,0.88,18.5,0.23,13.52,5.88,0,0,0,4.68,-12.03,0,-12.59,0,-14.24,0,0,0,3.1,50,50,25.22,-28.99
"CMR","Cameroon","Sub-Saharan Africa",0,0,0,2046.127492,"Lower",19598889,42.97,19.85,52.87,13.3,40.34,19.18,75.51,33.62,57.7,72.58,21.85,37.09,43.12,13.57,13.3,3.12,64.11,24.79,55.63,10.28,100,72.51,30.8,17.74,100,100,43.7,63.44,53.94,0,70.11,66.22,49.18,0,40.34,-0.01,11.78,-9.66,6.29,-29.83,9.8,-22.63,24.72,50,-13.71,-37.29,-33.33,2.01,0,6.29,0.54,48.91,19.6,-50,0,0,-21.8,-50,0,0,-41.13,-50,0,2.72,0,-50,50,50,-24.58,-29.83
"COD","Dem. Rep. Congo","Sub-Saharan Africa",0,0,1,311.4698228,"Lower",65965795,47.49,12.31,62.57,6.55,75.49,7.07,91.65,29.07,67.75,85.22,17.95,4.55,51.08,5.6,6.55,0.74,57.41,8.55,NA,27.33,100,87.01,82.99,55.67,100,100,NA,89.65,59,4.55,99.55,88.38,47.13,17.95,75.49,3.01,11.71,-4.11,9.52,-12.25,4.44,-11.9,23.37,7.18,-7.39,1.34,0,0,6.57,9.52,0.56,46.18,2.31,NA,0,0,-11.52,-40.58,0,0,-22.16,NA,0,0,0,-2.3,3.9,10.46,1.34,-12.25
"COG","Congo","Sub-Saharan Africa",0,0,1,3808.093879,"Middle",4042899,47.18,21.2,58.32,20.78,62.91,15.01,64.44,28.22,27,95.02,34.18,66.67,58.58,7.64,20.78,2.53,53.91,22.38,100,NA,100,48.56,18.53,85.05,100,100,57.08,87.82,55.41,0,63.95,33.84,20.16,11.28,62.91,1.14,5.6,-2.51,7.78,-18.55,0.94,-29.41,5.89,50,-2.49,-12.37,0,8.62,0,7.78,0.01,11.78,1.89,0,NA,0,-50,-50,0,0,-7.47,5.69,0,9.55,0,-50,50,50,-30.43,-18.55
"COK","Cook Islands","East Asia and the Pacific",0,1,0,9100,"Middle",11488,NA,NA,NA,NA,NA,77.8,NA,100,NA,100,51.92,0,8.36,100,NA,100,NA,55.59,NA,NA,NA,NA,NA,100,NA,NA,3.84,8.36,5.59,0,NA,NA,NA,100,NA,NA,NA,NA,NA,NA,35.26,NA,50,NA,0,5.01,0,0,50,NA,50,NA,20.52,NA,NA,NA,NA,NA,NA,NA,0,10.03,0,0,0,NA,NA,NA,0,NA
"COL","Colombia","Latin America and Caribbean",0,0,0,8487.597261,"Middle",46294841,62.33,55.55,65.23,59.16,53.42,39.22,72.75,64.67,61.1,62.24,30.31,46.94,84.43,28.59,59.16,29.34,100,49.86,24.95,58.89,97.39,69.62,22.43,59.95,NA,66.83,13.01,99.12,89.06,90.91,72.84,58.81,63.38,47.6,53.42,8.25,9.8,6.98,15.81,-23.29,5.5,22.18,2.06,13.81,-18.88,12.99,8.95,9.45,4.94,15.81,4.12,0,6.06,8.22,3.62,27.59,30.92,8.36,-16.59,NA,-20.02,-10.07,29.48,0,10.42,2.97,12.79,14.84,36.05,-23.29
"COM","Comoros","Sub-Saharan Africa",0,0,0,983.8008284,"Lower",734750,NA,24.5,NA,29.86,73.95,34.33,NA,3.97,NA,33.33,68.71,66.67,0,9.55,29.86,3.97,NA,59.11,100,0,NA,NA,NA,0,0,100,41.51,0,0,0,NA,NA,NA,95.92,73.95,NA,12.24,NA,16.88,-13.02,15.8,NA,-0.6,NA,-33.33,-21.06,0,0,8.28,16.88,-0.6,NA,23.33,0,0,NA,NA,NA,0,-50,-50,-36.33,0,0,0,NA,NA,NA,-5.79,-13.02
"CPV","Cape Verde","Sub-Saharan Africa",0,1,0,3573.459791,"Middle",495999,NA,46.05,NA,71.78,17.19,25.96,NA,14.68,NA,100,40.21,0,0.06,16.58,71.78,14.68,NA,35.34,NA,0,NA,NA,NA,100,100,NA,20.42,0,14.65,0,NA,NA,NA,60,17.19,NA,26.65,NA,49.87,-41.41,8.04,NA,-1.2,NA,0,-15.63,0,0,12.8,49.87,-1.2,NA,3.29,NA,0,NA,NA,NA,NA,0,0,-30.4,0,0,0,NA,NA,NA,-0.86,-41.41
"CRI","Costa Rica","Latin America and Caribbean",0,0,0,10258.58166,"Middle",4658887,69.03,76.19,65.96,87.57,51.06,64.77,79.02,64.86,60.18,95.32,22.84,50.78,72.88,61.18,87.57,29.72,100,68.36,39.8,64.25,96.24,71.17,40.98,100,100,85.95,6.78,74.02,94.18,72.73,95.15,56.2,64.15,38.89,51.06,-0.52,9.08,-8.37,11.49,-24.47,13.22,-26.43,0.12,20.69,-2.34,-13.4,0,0.09,0,11.49,0.24,0,26.44,0,0,-48.35,5.72,-50,-7.02,0,0,-22.7,0,1.43,0,-26.73,20.25,21.12,-4.11,-24.47
"CUB","Cuba","Latin America and Caribbean",0,0,0,9039.43,"Middle",11257979,56.48,74.37,48.82,83.33,22.76,52.85,47.2,77.97,19.26,93.22,26.73,87.88,57.8,50.11,83.33,55.93,100,55.59,100,29.32,76.2,55.92,2.58,100,100,79.65,13.01,82.07,37.18,63.64,3.79,26.45,12.07,40.45,22.76,0.86,0.4,1.24,-23.46,-38.62,30.29,5.37,18.23,28.57,-3.39,-4.11,0,7.11,31.07,-23.46,36.46,0,29.51,0,2.43,-26.55,42.23,15.83,-10.18,0,0,-19.16,6.91,12.27,0,-16.62,19.71,37.44,10.94,-38.62
"CYM","Cayman Islands","Latin America and Caribbean",0,1,0,44347.5,"Upper",56230,NA,NA,NA,NA,NA,NA,NA,100,NA,100,0,0,52.94,NA,NA,100,NA,NA,NA,NA,NA,NA,NA,100,NA,NA,0,52.95,47.47,0,NA,NA,NA,NA,NA,NA,NA,NA,NA,NA,NA,NA,0,NA,0,0,0,1.68,NA,NA,0,NA,NA,NA,NA,NA,NA,NA,NA,NA,0,0,1.68,0.1,0,NA,NA,NA,NA,NA
"CYP","Cyprus","Europe",0,0,0,25803.90345,"Upper",1103647,57.15,100,38.79,100,1.07,100,23.83,100,28.2,88.94,37.55,40.57,61,100,100,100,NA,100,22.22,NA,27.24,40,1.85,100,100,66.83,41.03,55.45,100,77.27,0.08,20.08,36.33,34.07,1.07,-0.97,6.36,-6.97,12.71,-49.47,0,0.34,0,-5.1,-5.53,-9.41,12.17,0,0,12.71,0,NA,0,18.26,NA,-10.67,7.22,9.62,-16.59,0,0,0,0,0,0,0.68,-7.57,-2.63,-18.83,-49.47
"CZE","Czech Republic","Europe",1,0,0,22557.46347,"Upper",10525090,64.79,96.02,51.41,97.99,32.93,88.1,21.72,100,36.41,93.22,NA,50.79,84.12,76.2,97.99,100,100,100,28.45,NA,22.84,33.16,8.43,100,100,79.65,NA,NA,84.12,95.45,5.7,26.64,46.17,NA,32.93,9.67,13.4,6.62,15.31,-33.53,0,28.74,22.98,13.93,-3.39,NA,19.32,0,0,15.31,45.95,0,0,16.48,NA,33.75,39.45,9.82,-10.18,0,0,NA,NA,0,25,11.01,10.28,17.59,NA,-33.53
"DEU","Germany","Europe",0,0,0,33498.88408,"Upper",81702329,66.91,98.99,53.16,97.99,31.75,100,30.05,100,58.87,55.61,9.33,46.86,100,100,97.99,100,100,100,29.39,NA,27.63,46.98,10.2,100,0,66.83,14.06,100,100,81.82,16.03,45.04,72.7,4.6,31.75,6.34,9.04,4.12,7.31,-34.13,0,25.33,21.56,6.06,-22.2,2.17,35.58,0,0,7.31,0,43.12,0,34.62,NA,30.84,15.58,12.27,-16.59,-50,0,-12.38,0,0,37.5,48.27,6.67,5.45,16.73,-34.13
"DJI","Djibouti","Sub-Saharan Africa",0,1,0,2087.169671,"Lower",888716,NA,37.44,NA,25.39,45.3,33.69,NA,65.29,NA,100,29.5,84.85,5.79,17.52,25.39,30.58,100,49.86,100,NA,NA,NA,NA,100,100,NA,0,60.47,0,54.55,NA,NA,NA,59.01,45.3,NA,12.73,NA,17.97,-27.35,15.73,NA,-0.76,NA,0,-24.55,0,0,-12.44,17.97,-1.52,0,43.89,0,NA,NA,NA,NA,NA,0,0,-50,0,0,0,NA,NA,NA,0.9,-27.35
"DMA","Dominica","Latin America and Caribbean",0,0,0,8897.928041,"Middle",67757,NA,NA,NA,NA,66.04,46.57,NA,NA,NA,53.95,56.55,0,39.43,34.03,NA,NA,NA,59.11,NA,NA,NA,NA,NA,37.94,NA,85.95,71.31,38.25,80.06,0,NA,NA,NA,41.8,66.04,NA,NA,NA,NA,-16.98,0.97,NA,NA,NA,-23.03,-23.41,0,0,-6.92,NA,NA,NA,8.87,NA,NA,NA,NA,NA,-7.02,NA,-31.03,-50,0,0,0,NA,NA,NA,3.17,-16.98
"DNK","Denmark","Europe",0,0,0,32608.19903,"Upper",5544139,63.61,98.99,48.44,97.99,29.72,100,34.91,100,67.33,86.96,8.49,51.54,61.32,100,97.99,100,100,100,31.86,NA,30.48,51.03,14.89,100,100,60.89,16.98,84.13,30.06,90.91,27.64,53.77,80.9,0,29.72,6.67,5.82,7.37,11.64,-35.14,0,29.57,0,15.48,-6.52,-6.51,24.95,5.79,0,11.64,0,0,0,37.43,NA,41.37,15.38,14.69,-19.55,0,0,-13.02,6.14,5.3,0,50,18.52,12.44,0,-35.14
"DOM","Dominican Republic","Latin America and Caribbean",0,0,0,8386.921383,"Middle",9927320,52.44,58.47,49.86,64.74,22.61,37.79,56.07,66.6,40.82,93.22,40.17,45.55,52,37.37,64.74,33.2,100,38.2,20.6,0,86.66,65.26,9.37,100,100,79.65,34.83,82.42,0,95.45,9.97,40.92,40.71,45.51,22.61,2.55,5.01,0.53,6.17,-38.7,5.35,21.1,2.36,22.09,-3.39,4.68,-33.33,0,15.63,6.17,4.71,0,-4.93,-50,0,23.72,34.38,-4.75,-10.18,0,0,0,0,0,0,9.83,21.44,22.74,9.36,-38.7
"DZA","Algeria","Middle East and North Africa",0,0,0,7520.791452,"Middle",35468208,48.56,66.64,40.81,59.47,30.73,47.61,40.71,100,61.72,25.72,29.13,60.98,37.71,61.18,59.47,100,100,34.04,64.2,NA,72.54,41.11,5.43,31.61,0,45.56,34.65,51.27,37.12,54.55,0.8,59.54,63.89,23.61,30.73,5.93,23.14,-8.15,32.71,-34.64,2.82,-17.53,24.32,45.88,-37.14,-25.54,0,0.22,30.6,32.71,48.64,0,-24.97,0,NA,-50,-4.71,8.48,-27.22,-50,-34.19,-50,5.27,0,0,2.31,47.17,44.59,-1.07,-34.64
"ECU","Ecuador","Latin America and Caribbean",0,0,0,7324.997681,"Middle",14464739,60.55,72.14,55.59,67.28,35.73,53.99,52.65,100,47.16,20.07,28.04,54.96,93.91,52.39,67.28,100,100,55.59,43.81,80.66,81.11,36.76,20.38,4.97,NA,50.28,19.12,100,91.88,77.27,55.6,46.58,47.74,36.96,35.73,5.1,28.76,-14.26,20.68,-32.13,48.67,-19.3,25,12.69,-39.97,-31.15,-13.03,0.02,50,20.68,50,0,47.35,-29.96,0,-50,1.07,32.82,-24.86,NA,-47.52,-12.71,0,0.14,20.83,-47.33,9.2,16.17,-49.59,-32.13
"EGY","Egypt","Middle East and North Africa",0,0,0,5676.142928,"Middle",81121077,55.18,74.81,46.77,71.78,9.75,71.01,43.59,84.67,42.13,100,28.3,95.45,42.99,57.84,71.78,100,69.34,84.18,100,NA,80.71,36.07,8.03,100,100,100,24.22,85.57,34.71,86.36,10.07,45.2,39.06,32.39,9.75,16.31,41.31,-4.15,44.22,-45.13,50,-26.41,26.82,10.03,0,-11.53,45.83,15.94,50,44.22,38.35,15.28,50,50,NA,-50,-5.14,-14.41,0,0,0,-50,5.96,17.88,37.5,-33,8.74,11.31,26.95,-45.13
"ERI","Eritrea","Sub-Saharan Africa",0,1,1,489.6986491,"Lower",5253676,38.39,33.61,40.44,39.98,30,9.53,74.07,44.94,55.42,65.17,27.77,0,22.24,3.23,39.98,6.74,83.15,15.82,NA,NA,100,78.31,3.66,47.76,NA,100,25.4,0,29.35,0,0.68,73.89,36.95,30.14,30,9.6,16.29,4.13,29.25,-35,6.07,19.43,0.58,24.37,-17.41,0.56,0,0.83,2.53,29.25,1.14,0.02,9.62,NA,NA,0,44.55,6.17,0,NA,-26.12,0,0,1.09,0,1.58,27.62,21.12,1.11,-35
"ESH","Western Sahara","Middle East and North Africa",0,1,0,2422.75,"Middle",491519,NA,NA,NA,49.5,NA,NA,NA,86.67,NA,50,24.47,0,57.08,NA,49.5,NA,86.67,NA,NA,NA,NA,NA,NA,100,0,NA,21.55,79.88,33.29,0,NA,NA,NA,27.39,NA,NA,NA,NA,45.76,NA,NA,NA,4.03,NA,-25,20.25,0,0,NA,45.76,NA,4.03,NA,NA,NA,NA,NA,NA,NA,-50,0,10.02,0,0,0,NA,NA,NA,30.49,NA
"ESP","Spain","Europe",0,0,0,26934.4283,"Upper",46081574,60.31,98.99,43.73,97.99,5.73,100,39.52,100,33.77,84.67,18.99,20.79,74.19,100,97.99,100,100,100,31.18,100,41.99,53.19,16.11,100,100,54.01,26.01,74.24,50.41,0,25.28,21.56,45.98,11.97,5.73,8.94,14.77,4.17,18.05,-47.14,0,27.84,22.98,15,-7.67,4.54,17.24,0.22,0,18.05,45.95,0,0,25.86,0,34.12,16.83,37.68,-23,0,0,14.6,0.37,0.16,0,29.04,14.68,15.31,-5.53,-47.14
"EST","Estonia","Europe",0,0,0,16353.20847,"Upper",1339646,56.09,70.48,49.92,75.41,49.9,68.05,16.45,63.05,8.42,77.19,31.53,53.46,100,61.18,75.41,26.09,100,74.93,32.46,NA,21.18,22.03,2.73,45.63,100,85.95,15.57,100,100,95.45,6.16,2.5,14.34,47.49,49.9,-3.88,-8.46,-0.13,-16.83,-25.05,0,3.88,-0.18,5.42,-11.4,12.37,15.26,0,0,-16.83,-0.37,0,0,17.68,NA,-29.09,32.55,-6.13,-7.02,0,-27.19,-1.5,0,0,10.42,23.93,-5.04,15.88,26.23,-25.05
"ETH","Ethiopia","Sub-Saharan Africa",1,0,1,933.8377242,"Lower",82949541,52.71,22.68,65.57,22.33,37.74,4.1,81.3,41.96,68.54,47.15,NA,68.18,67.56,2.74,22.33,0.74,83.19,5.45,100,31.86,100,86.16,26.31,16.95,24.5,100,NA,NA,85.41,4.55,87.63,83.67,53.41,NA,37.74,4.44,18.15,-6.78,32.63,-31.13,6.26,-9.06,1.08,11.22,-26.42,NA,3.47,1.79,3.41,32.63,-0.14,2.31,9.12,0,0,0,-0.57,-50,0,-37.75,-41.52,NA,NA,2.69,10.42,-50,5.78,16.66,NA,-31.13
"FIN","Finland","Europe",0,0,0,31532.55286,"Upper",5363624,64.44,100,49.2,100,55.52,100,31.55,100,48.66,86.13,42.16,54.16,52.34,100,100,100,100,100,33.51,NA,23.37,45.07,20.54,100,100,58.38,27.87,89.13,49.29,95.45,30.1,34.91,62.4,56.44,55.52,6.35,0,11.54,0,-22.24,0,22.8,0,20.84,-6.94,25,48.39,1.9,0,0,0,0,0,47.59,NA,30.92,22.99,16.16,-20.81,0,0,0,2.26,1.87,50,10.06,21.07,20.62,50,-22.24
"FJI","Fiji","East Asia and the Pacific",0,0,0,4060.238134,"Middle",860623,NA,NA,NA,66.84,75.46,NA,NA,10.61,NA,84.67,43.19,70.45,28.91,NA,66.84,10.61,NA,NA,62.49,18.71,NA,NA,NA,100,NA,54.01,24.57,32.73,8,86.36,NA,NA,NA,61.81,75.46,NA,NA,NA,12.92,-12.27,NA,NA,0,NA,-7.67,7.87,0,0,NA,12.92,0,NA,NA,0,0,NA,NA,NA,-23,NA,0,-18.88,0,0,0,NA,NA,NA,34.61,-12.27
"FLK","Falkland Islands","Latin America and Caribbean",0,1,0,36904.5,"Upper",NA,NA,NA,NA,NA,85.95,NA,NA,NA,NA,NA,27.9,0,34.84,NA,NA,NA,NA,NA,NA,NA,NA,NA,NA,NA,NA,NA,33.73,35.83,3.65,0,NA,NA,NA,22.06,85.95,NA,NA,NA,NA,-7.03,NA,NA,NA,NA,NA,26.12,0,0,NA,NA,NA,NA,NA,NA,NA,NA,NA,NA,NA,NA,NA,27.18,0,0,0,NA,NA,NA,25.05,-7.03
"FRA","France","Europe",0,0,0,29647.90748,"Upper",64876618.43,69,98.88,56.2,97.99,30.66,100,44.6,99.53,54.94,85.37,32.2,52.37,80.75,100,97.99,100,99.06,100,30.82,NA,46.2,60.16,36.21,100,100,56.1,41.99,81.61,76.88,95.45,12.99,41.5,68.37,22.41,30.66,11.02,11.37,10.73,10.24,-34.67,0,18.62,25,10.84,-7.32,0.38,22.4,31.05,0,10.24,0,50,0,33.6,NA,39.88,15.24,-4,-21.95,0,0,1.92,34.46,15.56,0,-0.48,11.78,9.91,-1.15,-34.67
"FRO","Faeroe Islands","Europe",0,1,0,31284.61,"Upper",48708,NA,NA,NA,NA,99.39,NA,NA,NA,NA,NA,17.49,0,0,NA,NA,NA,NA,NA,NA,NA,NA,NA,NA,NA,NA,NA,26.99,0,0,0,NA,NA,NA,7.99,99.39,NA,NA,NA,NA,-0.31,NA,NA,NA,NA,NA,-13.81,0,0,NA,NA,NA,NA,NA,NA,NA,NA,NA,NA,NA,NA,NA,3.03,0,0,0,NA,NA,NA,-30.66,-0.31
"FSM","Micronesia","East Asia and the Pacific",0,1,0,2878.10066,"Middle",111064,NA,38.48,NA,55.52,NA,31.02,NA,11.86,NA,66.67,54.9,0,13.83,6.45,55.52,11.86,NA,55.59,NA,0,NA,NA,NA,100,0,100,9.8,18.44,18.47,0,NA,NA,NA,100,NA,NA,11.54,NA,18.26,NA,7.69,NA,1.96,NA,-16.67,4.91,0,0,0.92,18.26,1.96,NA,14.46,NA,0,NA,NA,NA,0,-50,0,9.82,0,0,0,NA,NA,NA,0,NA
"GAB","Gabon","Sub-Saharan Africa",0,0,0,13489.45097,"Middle",1505463,57.91,37.27,66.76,32.72,100,24.17,67.32,59.46,45.11,100,26.18,66.67,62.87,8.57,32.72,18.91,100,39.78,100,0,100,62.13,16.93,100,100,100,32.94,75.33,89.35,0,53.6,38.75,51.47,19.42,100,6.3,10.86,2.57,19.43,0,2.76,-36.22,1.83,50,0,-28.55,0,31.02,-3.12,19.43,3.14,0.52,8.64,0,0,-50,-16.1,-37.26,0,0,0,-50,28.06,50,0,-50,50,50,-7.09,0
"GBR","United Kingdom","Europe",0,0,0,32187.0471,"Upper",62218761,68.82,98.07,56.29,96.15,35.48,100,33.46,100,51.3,86.13,15.08,43.69,100,100,96.15,100,100,100,26.9,NA,34.72,53.34,10.82,100,100,58.38,11.71,100,100,77.27,6.78,36.99,65.6,18.44,35.48,11.01,2.17,18.25,4.33,-32.26,0,28.14,0,33.71,-6.94,-4.32,22.67,40.31,0,4.33,0,0,0,28.79,NA,50,22.14,-1.15,-20.81,0,0,-27.34,44.04,0,10.42,20.45,36.67,30.75,18.7,-32.26
"GEO","Georgia","Eastern Europe and Central Asia",0,0,0,4550.186015,"Middle",4452800,56.84,75.44,48.88,88.78,27.87,68.05,66.79,56.14,56.41,90.85,45.38,38.39,28.36,61.18,88.78,12.28,100,74.93,57.59,NA,97.22,45.67,25.25,72.56,100,100,0,57.77,21.35,0,86.61,60.16,52.66,90.76,27.87,4.88,14.73,-3.17,17.02,-36.06,25,-4.32,-0.14,5.73,-4.57,25,0,0,0,17.02,-0.27,0,50,0,NA,-18.98,6.04,-1.28,0,0,-13.72,0,0,0,0,2.65,-3.28,14.74,50,-36.06
"GHA","Ghana","Sub-Saharan Africa",0,0,0,1468.824497,"Lower",24391823,47.5,31.62,54.3,33.99,31.15,17.9,73.94,40.62,59.43,38.93,31.77,87.88,45.13,2.99,33.99,2.69,78.55,32.81,100,NA,100,69.64,20.33,1.76,15.02,100,40.32,8.29,78.06,63.64,76.77,71.7,47.17,23.23,31.15,9.45,26.16,-4.22,38.86,-34.43,16.2,-14.83,10.71,24.13,-30.54,6.45,33.33,0,3.45,38.86,1.42,20.01,28.94,50,NA,0,0.48,-50,0,-42.49,-49.12,33.48,0,0,0,-50,21.81,26.45,-20.58,-34.43
"GIB","Gibraltar","Europe",0,1,0,42363.6,"Upper",29244,NA,NA,NA,NA,NA,NA,12.75,NA,33.41,100,NA,0,2.7,NA,NA,NA,NA,NA,NA,NA,4.6,31.12,1.66,NA,NA,100,NA,0,30.12,0,0,18.31,48.52,NA,NA,NA,NA,NA,NA,NA,NA,-21.99,NA,-0.04,0,NA,0,0,NA,NA,NA,NA,NA,NA,NA,-50,-10.79,-4.77,0,NA,NA,NA,0,0,0,0,-6.25,6.17,NA,NA
"GIN","Guinea","Sub-Saharan Africa",0,0,0,978.3713423,"Lower",9981590,NA,22.13,NA,13.9,69.65,13.45,NA,47.25,NA,65,16.97,40.91,46.42,4.52,13.9,0.29,94.21,22.38,NA,99.61,NA,NA,NA,33.17,61.85,100,15.57,0,39.94,40.91,NA,NA,NA,18.36,69.65,NA,15.55,NA,22.32,-15.17,10.06,NA,7.5,NA,-17.5,-5.01,0,0,3.69,22.32,0.15,14.86,16.42,NA,0.01,NA,NA,NA,0,-19.08,-33.42,-12.25,0,0,0,NA,NA,NA,2.23,-15.17
"GLP","Guadeloupe","Latin America and Caribbean",0,0,0,8103.82,"Middle",NA,NA,NA,NA,97.99,47.95,74.93,NA,NA,NA,98.13,79.27,0,55.04,NA,97.99,NA,NA,74.93,NA,53.01,NA,NA,NA,100,NA,94.4,100,55.26,77.65,0,NA,NA,NA,58.54,47.95,NA,NA,NA,33.55,-26.02,0,NA,NA,NA,-0.93,25,0,0.34,NA,33.55,NA,NA,0,NA,0,NA,NA,NA,-2.8,NA,0,50,0.42,1.77,0,NA,NA,NA,0,-26.02
"GMB","Gambia","Sub-Saharan Africa",0,0,0,1265.182901,"Lower",1728394,NA,23.15,NA,27.54,51.37,36.72,NA,0.79,NA,100,24.79,93.94,22.29,23.59,27.54,0.79,NA,49.86,100,NA,NA,NA,NA,100,100,100,38.92,29.5,8.76,81.82,NA,NA,NA,10.67,51.37,NA,22.62,NA,33,-24.32,24.62,NA,-0.16,NA,0,-12.61,0,1.3,8.64,33,-0.16,NA,40.6,0,NA,NA,NA,NA,0,0,0,-10.72,1.99,0,0,NA,NA,NA,-14.49,-24.32
"GNB","Guinea-Bissau","Sub-Saharan Africa",0,0,0,1064.110057,"Lower",1515224,NA,18.09,NA,6.03,69.97,10.15,NA,50.15,NA,78.52,20.8,66.67,96,5.05,6.03,0.29,100,15.25,100,NA,NA,NA,NA,35.55,100,100,9.38,98.4,89.88,0,NA,NA,NA,32.22,69.97,NA,6.91,NA,11.29,-15.02,5.02,NA,0.04,NA,-10.74,3.12,0,0,2.75,11.29,0.08,0,7.28,0,NA,NA,NA,NA,0,0,-32.23,9.43,0,0,0,NA,NA,NA,-3.19,-15.02
"GNQ","Equatorial Guinea","Sub-Saharan Africa",0,0,0,31156.04196,"Upper",700401,NA,32.25,NA,10.79,95.07,11.29,NA,96.14,NA,73.8,41.78,0,59.65,15.23,10.79,NA,96.14,7.34,NA,NA,NA,NA,NA,26.99,100,94.4,4.65,55.95,100,0,NA,NA,NA,78.91,95.07,NA,7.31,NA,13.2,-2.46,0,NA,2.85,NA,-13.1,5.69,0,0,0,13.2,NA,2.85,0,NA,NA,NA,NA,NA,-2.8,0,-36.5,-3.77,0,0,0,NA,NA,NA,15.14,-2.46
"GRC","Greece","Europe",0,0,0,24990.03579,"Upper",11319048,60.04,96.02,44.63,97.99,7.89,88.1,30.07,100,23.46,85.37,31.87,42.08,79.65,76.2,97.99,100,100,100,22.22,NA,32.58,46.56,2.44,100,100,56.1,45.45,73.98,95.76,81.82,13.4,12.86,34.07,18.3,7.89,3.27,6.29,0.81,2.61,-46.05,19.94,13.95,0,0.36,-7.32,-11.29,12.17,14.26,0,2.61,0,0,39.88,18.26,NA,-0.64,23.12,15.04,-21.95,0,0,0,1.69,50,0,25.52,-4.32,5.04,-22.57,-46.05
"GRD","Grenada","Latin America and Caribbean",0,0,0,7345.222936,"Middle",104487,NA,NA,NA,80.63,57.3,65.89,NA,NA,NA,82.87,37.15,0,24.57,76.2,80.63,NA,NA,55.59,NA,NA,NA,NA,NA,100,NA,48.61,12.6,24.77,11.18,0,NA,NA,NA,61.71,57.3,NA,NA,NA,20.69,-21.35,12.35,NA,NA,NA,-8.57,-6.7,0,0,24.7,20.69,NA,NA,0,NA,NA,NA,NA,NA,-25.7,NA,0,-1.49,0,0,0,NA,NA,NA,-11.92,-21.35
"GRL","Greenland","North America",0,1,0,34707.85,"Upper",56534,NA,NA,NA,NA,100,NA,NA,100,NA,NA,20.98,66.67,96.29,NA,NA,100,NA,NA,100,NA,NA,NA,NA,NA,NA,NA,29.8,92.27,100,0,NA,NA,NA,12.17,100,NA,NA,NA,NA,0,NA,NA,0,NA,NA,-6.78,0,0.03,NA,NA,0,NA,NA,0,NA,NA,NA,NA,NA,NA,NA,-1.88,0.06,0,0,NA,NA,NA,-11.68,0
"GTM","Guatemala","Latin America and Caribbean",0,0,0,4283.696276,"Middle",14388929,51.88,51.24,52.15,53.08,60.71,45.34,65.28,53.46,48.98,27.03,24.14,34.96,59.76,35.09,53.08,6.91,100,55.59,52.44,5.88,100,56.6,12.49,10.59,24.93,45.56,14.23,75.36,80.12,0,57.33,52.36,45.6,34.06,60.71,8.73,14.76,3.79,15.35,-19.64,28.79,9.63,-0.44,10.63,-36.49,4.05,0,20.86,23.08,15.35,-0.89,0,34.51,0,2.81,0,-7.71,32.16,-27.22,-37.54,-44.71,0,50,3.49,0,50,10.98,10.28,8.11,-19.64
"GUF","French Guiana","Latin America and Caribbean",0,0,0,8514.14,"Middle",NA,NA,73.74,NA,80.63,69,33.7,NA,100,NA,96.33,64.44,0,80.25,32.06,80.63,NA,100,35.34,NA,NA,NA,NA,NA,88.99,100,100,100,67.22,100,0,NA,NA,NA,28.88,69,NA,6.67,NA,13.35,-15.5,0,NA,0,NA,-1.84,25.96,0,20.29,0,13.35,NA,0,0,NA,NA,NA,NA,NA,0,0,-5.51,50,0.69,50,0,NA,NA,NA,1.92,-15.5
"GUM","Guam","East Asia and the Pacific",0,1,0,15000,"Upper",179896,NA,NA,NA,87.57,NA,92.49,NA,NA,NA,100,45.3,0,87.67,84.98,87.57,NA,NA,100,NA,NA,NA,NA,NA,100,NA,NA,36.13,75.34,100,0,NA,NA,NA,54.46,NA,NA,NA,NA,7.23,NA,3.4,NA,NA,NA,0,-13.9,0,0,6.79,7.23,NA,NA,0,NA,NA,NA,NA,NA,NA,NA,0,22.2,0,0,0,NA,NA,NA,-50,NA
"GUY","Guyana","Latin America and Caribbean",0,0,0,2794.161562,"Middle",754493,NA,52.37,NA,49.11,64.01,45.34,NA,65.92,NA,100,28.72,66.67,16.78,35.09,49.11,31.83,100,55.59,100,12.01,NA,NA,NA,100,NA,100,38.92,0,29.35,0,NA,NA,NA,18.51,64.01,NA,22.58,NA,33.91,-17.99,20.95,NA,1.56,NA,0,2.25,0,6.89,7.4,33.91,3.13,0,34.51,0,26.91,NA,NA,NA,0,NA,0,-1.04,0,0.34,0,NA,NA,NA,5.55,-17.99
"HKG","Hong Kong","East Asia and the Pacific",0,0,0,41714.04004,"Upper",7067800,NA,NA,NA,100,14.35,NA,36.1,NA,32.38,NA,7.47,0,100,NA,100,NA,NA,NA,NA,NA,40.04,62.52,1.38,NA,NA,NA,14.93,NA,100,0,0,17.92,46.84,0,14.35,NA,NA,NA,23.72,-42.83,NA,-0.98,NA,-11.14,NA,-7.73,0,0,NA,23.72,NA,NA,NA,NA,NA,-21.81,21.5,-5.81,NA,NA,NA,-15.46,NA,0,0,0,-18.48,-3.81,0,-42.83
"HND","Honduras","Latin America and Caribbean",0,0,0,3515.755575,"Middle",7600524,52.54,46.14,55.29,49.11,57.44,32.25,63.95,54.06,42.6,60.54,29,36.84,65.06,26.3,49.11,8.13,100,38.2,55.26,40.03,100,58.22,12.05,1.99,100,79.65,17.67,67.83,82.24,0,45.07,48.37,36.83,40.33,57.44,2.87,12.24,-4.79,12.68,-21.28,23.46,-9.72,0.13,-4.51,-19.73,12.03,0,6.03,25.83,12.68,0.26,0,21.1,0,0,0,-2.71,-17.88,-10.18,0,-49.01,3.68,13.11,0,0,-40.57,-8.77,-0.25,20.37,-21.28
"HRV","Croatia","Eastern Europe and Central Asia",0,0,0,16121.2627,"Upper",4424161.464,64.16,83.86,55.71,92.89,45.74,84.58,46.26,65.1,39.62,95.32,24.92,58.06,74.49,84.98,92.89,30.19,100,84.18,39.36,NA,53.75,48.87,15.28,100,100,85.95,38.92,84.05,70.76,95.45,53.66,32.14,47.09,10.91,45.74,4.09,1.89,5.9,0,-27.13,0,-5.65,7.58,8.28,-2.34,28.69,0,29.88,0,0,-0.41,15.56,0,0,NA,-31.66,18.62,2.59,-7.02,0,0,50,16.19,35.21,0,-9.84,3.57,12.98,7.38,-27.13
"HTI","Haiti","Latin America and Caribbean",0,0,1,996.321234,"Lower",9993247,41.15,33.33,44.51,36.14,22.28,10.49,68.49,50.52,67.71,75.02,72.06,0,15.53,3.99,36.14,1.04,100,16.99,NA,1.42,100,63.76,6.01,25.05,100,100,100,26.35,1.71,0,28.71,79.77,55.64,44.12,22.28,-0.36,10.86,-9.54,19.8,-38.86,3.71,-23.19,0.14,10.02,-12.49,10.79,0,0,-4.64,19.8,0.29,0,12.05,NA,0,0,-35.47,-48.62,0,0,-37.47,50,0,0,0,-50,12.11,7.92,-28.43,-38.86
"HUN","Hungary","Europe",1,0,0,16514.33279,"Upper",10008703,57.12,93.79,41.4,87.57,27.54,100,37.87,100,41.44,98.13,NA,49.89,30.12,100,87.57,100,100,100,29.38,NA,51.05,47.67,14.03,100,100,94.4,NA,NA,30.12,90.91,8.06,32.99,49.9,NA,27.54,11.03,9.86,11.99,0.53,-36.23,19.94,30.83,18.43,50,-0.93,NA,17.87,0.6,0,0.53,0,36.86,39.88,26.8,NA,31.74,28.11,29.82,-2.8,0,0,NA,NA,0.6,0,36.05,50,50,NA,-36.23
"IDN","Indonesia","East Asia and the Pacific",0,0,0,3879.81243,"Middle",239870937,52.29,48.2,54.04,57.69,46.74,23.1,48.91,54.32,38.93,54.71,38.1,54.59,75.29,15.67,57.69,8.64,100,30.52,36.44,61.75,89.89,41.7,5.7,27,100,37.12,63.26,78.87,81.12,90.91,13.3,45.5,32.35,12.94,46.74,5.07,19.36,-6.62,33.1,-26.63,9.56,-15.11,1.68,-13.39,-22.65,4.02,27.04,5.82,11.44,33.1,-1.8,5.17,7.68,15.56,0.71,-50,10.28,6.51,-31.44,0,-36.5,7.43,6.28,9.27,50,-14.57,-19.31,-7.48,0.61,-26.63
"IMN","Isle of Man","Europe",1,0,0,35000,"Upper",82869,NA,NA,NA,NA,NA,NA,NA,NA,NA,95.32,NA,0,0,NA,NA,NA,NA,NA,NA,NA,NA,NA,NA,100,NA,85.95,NA,NA,0,0,NA,NA,NA,NA,NA,NA,NA,NA,NA,NA,NA,NA,NA,NA,-2.34,NA,0,0,NA,NA,NA,NA,NA,NA,NA,NA,NA,NA,-7.02,NA,0,NA,NA,0,0,NA,NA,NA,NA,NA
"IND","India","South Asia",0,0,0,3240.498662,"Middle",1170938000,36.23,25.66,40.76,37.09,6.91,24.71,51.91,3.73,38.94,98.13,29.23,11.71,41.83,7.94,37.09,7.46,0,41.47,17.57,43.37,96.17,45.89,0.46,100,100,94.4,54.24,59.25,29.82,0,14.11,48.13,29.74,4.23,6.91,1.79,13.42,-7.72,22.73,-46.55,17.04,-2.04,-8.81,1.53,-0.93,3.49,-21.55,0,6.39,22.73,2.66,-20.29,27.68,-32.32,0,-27.07,15.67,2.52,-2.8,0,0,7.69,0,0,0,10.5,-5.97,9.03,-0.71,-46.55
"IRL","Ireland","Europe",0,0,0,35183.75188,"Upper",4481430,58.69,98.12,41.79,100,51.82,92.49,31.85,100,46.08,91.54,15.99,49.03,34.17,84.98,100,100,100,100,25.81,NA,28.97,52.08,8.73,100,100,74.61,18.69,38.68,10.35,95.45,14.48,30.44,61.73,13.3,51.82,13.75,13.1,14.29,26.19,-24.09,0,40.23,0,41.54,-4.23,-14.17,27.05,5.31,0,26.19,0,0,0,40.58,NA,50,26.7,40.9,-12.69,0,0,-36.94,3.81,13.22,0,48.34,43.29,39.79,8.59,-24.09
"IRN","Iran","Middle East and North Africa",0,0,0,10462.27084,"Middle",73973630,42.73,58.21,36.09,53.55,3.29,44.96,19.42,80.78,27.65,100,36.34,65.49,42.19,37.37,53.55,100,61.55,52.55,59.59,NA,35.81,16.13,4.62,100,100,100,56.23,74.37,40.29,77.27,3.67,25.47,29.82,16.45,3.29,-1.26,7.84,-8.71,17.17,-48.36,0,-21.77,-2.98,-0.64,0,11.64,0,7.54,0,17.17,20.6,-26.57,0,0,NA,-50,-8.56,-8.61,0,0,0,20.68,3.19,7.8,0,0.13,-6.37,5.09,2.61,-48.36
"IRQ","Iraq","Middle East and North Africa",0,1,0,3194.948621,"Middle",32030823.3,25.32,44.52,17.09,55.52,10.58,28.63,23.68,38.41,21.45,100,16.81,50.36,0.59,27.8,55.52,41.89,34.93,29.46,75.54,NA,63.44,0,2.85,100,NA,NA,NA,0,0.59,0,7.01,29.87,13.04,16.81,10.58,-2.66,-3.08,-2.31,7,-44.71,3.53,13.28,-29.86,-0.99,0,3.32,0,0,10.38,7,-9.72,-50,-3.33,0,NA,15,0,6.36,NA,NA,0,NA,0,0,0,47.18,7.75,-9.73,3.32,-44.71
"ISL","Iceland","Europe",0,1,0,32961.93648,"Upper",317398,66.28,100,51.83,100,64.27,100,64.98,100,11.04,98.13,14,36.51,70.58,100,100,100,NA,100,7.04,NA,41.49,62.47,90.67,100,100,94.4,17.17,68.39,85.12,95.45,99.99,0,22.08,10.83,64.27,5.2,1.43,8.29,2.86,-17.87,0,32.44,0,2.76,-0.93,-13,8.87,6.9,0,2.86,0,NA,0,13.31,NA,49.93,27.71,34.84,-2.8,0,0,-16.2,0.42,50,0,0.29,0,5.52,-9.8,-17.87
"ISR","Israel","Middle East and North Africa",0,0,0,26020.63528,"Upper",7624600,54.64,97.59,36.23,96.15,4.62,100,27.21,98.07,17.73,88.52,26.73,21.74,60.89,100,96.15,100,96.13,100,32.61,NA,29.57,46.82,2.97,65.57,100,100,34,51.5,70.71,0,0.18,7.98,27.48,19.46,4.62,3.47,12.58,-3.99,20.29,-47.69,0,8.24,9.73,7.66,-5.74,-25.97,19.15,0,0,20.29,0,19.46,0,28.72,NA,4.11,14.25,11.73,0,0,-17.21,-31.79,0,0,0,0.34,7.22,8.11,-20.15,-47.69
"ITA","Italy","Europe",0,0,0,26753.30911,"Upper",60483521,68.9,100,55.57,100,13.32,100,38.36,100,58.08,76.55,31.2,52.6,94.79,NA,100,100,100,100,33.44,99.63,40.28,53.69,12.42,100,43.71,85.95,35.77,96.62,88.76,90.91,24.04,45.07,71.09,26.63,13.32,11.31,9.7,12.62,9.48,-43.34,0,27.71,19.86,34.43,-11.72,1.39,22.61,23.15,NA,9.48,0,39.72,0,33.91,0,43.94,8.99,44.53,-7.02,-28.15,0,0,15.91,50,0,16.7,40.58,28.28,2.78,-43.34
"JAM","Jamaica","Latin America and Caribbean",0,0,0,7084.336436,"Middle",2702300,54.36,61.53,51.29,68.2,31.37,46.48,34.53,63.22,22.51,74.11,40.08,96.97,73.32,37.37,68.2,26.45,100,55.59,100,66.87,67.33,24.13,13.15,67.58,75.1,79.65,29.8,74.15,100,90.91,3.63,23.17,21.84,50.36,31.37,6.4,11.85,1.93,20.24,-34.31,6.64,14.56,0.27,31.99,-12.95,-4.02,0,0,3.74,20.24,0.54,0,9.54,0,0,26.12,14.88,-5.26,-10.18,-12.45,-16.21,41.96,0,0,0,6.63,33.16,30.82,-50,-34.31
"JOR","Jordan","Middle East and North Africa",0,1,0,5157.136108,"Middle",6047000,42.16,76.42,27.47,71.23,15.68,69.73,35.21,93.51,26.68,100,28.87,76.52,9.21,76.2,71.23,100,87.02,63.27,69.33,NA,65.46,32.62,5.43,100,100,100,NA,100,9.12,90.91,0.48,31.33,22.02,28.87,15.68,3.71,11.61,-2.76,18.97,-42.16,0,-1.88,8.51,22.3,0,4.22,0,0.27,0,18.97,10.1,6.92,0,0,NA,-36.34,23.24,18.88,0,0,0,NA,0,0.27,0,-0.87,18.99,25.62,4.22,-42.16
"JPN","Japan","East Asia and the Pacific",0,0,0,30902.6616,"Upper",127450459,63.36,98.07,48.48,96.15,34.76,100,30.55,100,59.58,93.22,20.77,33.22,67.12,100,96.15,100,100,100,4.38,48.48,30,48.06,11.83,100,100,79.65,28.89,71.85,87.82,90.91,9.72,46.05,73.11,12.64,34.76,5.74,9.55,2.61,19.11,-32.62,0,10.23,0,5.05,-3.39,-3.5,8.35,13.51,0,19.11,0,0,0,12.52,50,21.54,12.56,-9.15,-10.18,0,0,10.63,1.03,4.46,0,-2.24,4.43,5.68,-17.62,-32.62
"KAZ","Kazakhstan","Eastern Europe and Central Asia",1,0,0,10889.97215,"Middle",16316050,32.94,63.69,19.76,62.47,20.37,64.54,9.63,65.29,0,75.49,NA,39.91,14.18,69.96,62.47,30.58,100,59.11,41.68,NA,18.04,2.46,7.61,59.65,100,66.83,NA,NA,14.18,36.36,8.74,0,0,NA,20.37,-3.05,11.81,-15.2,27.81,-39.82,-6.51,-20.62,-1.88,0,-12.26,NA,-33.33,0,0,27.81,-3.76,0,-13.03,-50,NA,-50,6.29,-5.17,-16.59,0,-20.18,NA,NA,0,0,-30.28,0,0,NA,-39.82
"KEN","Kenya","Sub-Saharan Africa",0,0,0,1477.303608,"Lower",40512682,49.28,27.91,58.44,24.12,39.44,11.32,65.32,52.08,58.51,75.05,43.13,22.59,72.55,7.94,24.12,4.16,100,14.7,33.88,83.08,100,58.28,10.21,45.52,100,79.65,23,79.97,67.18,0,55.94,70.05,46.97,63.26,39.44,0.58,8.36,-5.78,13.51,-30.28,6,-11.63,0.43,17.92,-12.47,0.83,-4.31,0,2.18,13.51,0.86,0,9.83,-6.47,0,0,-8.11,-27.22,-10.18,0,-27.24,-2.23,0,0,0,-31.39,17.27,18.58,3.89,-30.28
"KGZ","Kyrgyzstan","Eastern Europe and Central Asia",1,0,0,2039.305587,"Lower",5365167.495,46.33,50.46,44.57,51.53,7.3,50.11,61.82,48.67,38.17,100,NA,66.67,23.29,54.94,51.53,14.22,83.13,45.28,100,NA,97.39,27.49,31.49,100,100,100,NA,NA,23.29,0,89.28,49.94,26.4,NA,7.3,-3.3,2.32,-7.9,-4.79,-46.35,17.41,-1.29,1.44,-9.02,0,NA,0,0,0,-4.79,-0.16,3.05,34.81,0,NA,-17.59,-7.86,24.76,0,0,0,NA,NA,0,0,26.05,-13.27,-4.77,NA,-46.35
"KHM","Cambodia","East Asia and the Pacific",0,0,1,1942.989995,"Lower",14138255,55.29,31.25,65.59,35.74,45.3,11.58,73.93,41.95,64.39,28.28,21.59,66.67,94.75,7.33,35.74,1.37,82.54,15.82,100,NA,100,79.55,0,14.83,47.88,22.14,31.98,61.18,100,0,4.39,74.2,54.59,11.2,45.3,6.71,22.02,-5.82,30.47,-27.35,15.87,4.59,11.27,1.24,-35.86,-9.03,0,0.14,11.78,30.47,0.66,21.87,19.96,0,NA,0,11.14,0,-38.93,-26.06,-42.58,0,1.06,0,0,12.34,-7.99,10.46,-18.06,-27.35
"KIR","Kiribati","East Asia and the Pacific",0,1,0,2214.452321,"Lower",99546,NA,NA,NA,NA,NA,13.72,NA,NA,NA,100,37.58,0,100,9.22,NA,NA,NA,18.22,NA,100,NA,NA,NA,100,NA,NA,14.23,100,100,0,NA,NA,NA,60.93,NA,NA,NA,NA,NA,NA,3.33,NA,NA,NA,0,-25.66,0,49.99,2.06,NA,NA,NA,4.6,NA,50,NA,NA,NA,NA,NA,0,-50,50,0,0,NA,NA,NA,-1.33,NA
"KNA","Saint Kitts and Nevis","Latin America and Caribbean",0,0,0,11770.52553,"Middle",52402,NA,NA,NA,NA,84,82.56,NA,100,NA,81.39,43.38,81.82,58.73,65.13,NA,100,NA,100,NA,NA,NA,NA,NA,100,NA,44.17,29.8,60.86,6.06,81.82,NA,NA,NA,56.95,84,NA,NA,NA,NA,-8,0,NA,0,NA,-9.31,17.06,50,0,0,NA,0,NA,0,NA,NA,NA,NA,NA,-27.92,NA,0,47.28,0,0,50,NA,NA,NA,-13.16,-8
"KOR","South Korea","East Asia and the Pacific",0,0,0,27026.7855,"Upper",48875000,57.2,91.35,42.57,94.45,22.77,87.46,22.73,89.03,53.69,83.24,13.72,36.6,64.79,100,94.45,100,78.05,74.93,7.18,NA,22.42,38.15,9.15,70.08,100,79.65,20.42,77.44,34.24,95.45,1.04,42.34,65.05,7.03,22.77,11.28,24.5,0.47,31.04,-38.62,25,-14.48,10.9,49.77,-8.38,6.7,8.61,8.47,0,31.04,0,21.8,50,12.91,NA,-49.32,14.87,-14.36,-10.18,0,-14.96,6.82,1.17,26.12,0,-1.79,50,49.53,6.58,-38.62
"KWT","Kuwait","Middle East and North Africa",0,1,0,49541.50994,"Upper",2736732,35.54,83.84,14.84,79,12.5,92.09,3.57,85.27,9.76,100,23.15,56.62,13.15,100,79,100,70.54,84.18,37.2,NA,0,10.19,0,100,NA,NA,36.13,28.11,9.35,95.45,0,0,19.51,10.17,12.5,-7.44,-7.95,-7.03,-3.4,-43.75,0,2.19,-25,-2.77,0,-14.13,0,0,0,-3.4,0,-50,0,0,NA,0,12.55,-14.69,NA,NA,0,-24.47,0,0,0,0,0,-5.54,-3.79,-43.75
"LAO","Laos","East Asia and the Pacific",1,0,0,2297.808805,"Middle",6200894,NA,38.35,NA,49.5,50.77,14.88,NA,39.51,NA,46.12,NA,96.97,94,16.12,49.5,0.44,78.57,13.64,100,NA,NA,NA,NA,35.46,58.73,44.17,NA,NA,94,90.91,NA,NA,NA,NA,50.77,NA,30.06,NA,50,-24.62,22.82,NA,-2.59,NA,-26.94,NA,0,0,34.01,50,-0.26,-4.92,11.63,0,NA,NA,NA,NA,-27.92,-20.63,-32.27,NA,NA,0,0,NA,NA,NA,NA,-24.62
"LBN","Lebanon","Middle East and North Africa",0,0,0,12604.97362,"Middle",4227597,47.35,81.85,32.57,69.66,3.42,88.1,27.97,100,26.06,85.37,35.21,63.73,26.12,76.2,69.66,100,NA,100,56.96,NA,52.81,22.74,5.68,100,100,56.1,47.43,42.84,2.76,77.27,4.52,23.67,28.45,23,3.42,2.03,10.78,-5.12,21.55,-48.29,0,10.75,0,4.39,-7.32,-30.98,10.42,0,0,21.55,0,NA,0,0,NA,-5.52,29.45,23.49,-21.95,0,0,-50,0,0,31.25,-7.65,2.01,6.77,-11.96,-48.29
"LBR","Liberia","Sub-Saharan Africa",0,0,0,375.6524843,"Lower",3994122,NA,26.55,NA,24.06,99.65,12.1,NA,45.96,NA,76.01,26.37,0,6.58,3.99,24.06,0.15,91.77,20.21,NA,17.22,NA,NA,NA,28.02,100,100,14.11,0,10.41,0,NA,NA,NA,38.62,99.65,NA,22.3,NA,50,-0.17,4.02,NA,-14.8,NA,-12,-12.15,0,8.14,2.62,50,0,-29.61,5.42,NA,30.92,NA,NA,NA,0,0,-35.99,-6.45,0,1.9,0,NA,NA,NA,-17.86,-0.17
"LBY","Libyan Arab Jamahiriya","Middle East and North Africa",0,1,0,15361.15753,"Upper",6355112,37.68,77.42,20.65,84.31,17.66,41.05,20.29,100,41.46,100,62.29,0,5.1,69.96,84.31,100,100,12.14,NA,NA,33.5,24.46,0,100,100,NA,72.24,27.89,0.65,0,0,34.66,48.26,52.35,17.66,5.59,11.8,0.52,16.77,-41.17,0,5.86,13.65,25.71,0,11.29,0,0,0,16.77,27.3,0,0,NA,NA,-5.53,22.28,0,NA,0,0,0,0,0,0,0,23.87,27.55,22.59,-41.17
"LCA","Saint Lucia","Latin America and Caribbean",0,0,0,8363.743667,"Middle",174000,NA,78.2,NA,70.17,67.82,72.45,NA,100,NA,80.13,45.67,0,53.65,69.96,70.17,100,NA,74.93,NA,99.86,NA,NA,NA,100,NA,40.39,24.22,37.01,61.76,0,NA,NA,NA,67.11,67.82,NA,21.05,NA,17.1,-16.09,0,NA,50,NA,-9.93,-16.2,0,0,0,17.1,50,NA,0,NA,0,NA,NA,NA,-29.8,NA,0,-50,0,0,0,NA,NA,NA,17.59,-16.09
"LIE","Liechtenstein","Europe",1,0,0,134171.99,"Upper",36032,NA,NA,NA,NA,NA,NA,NA,100,NA,95.32,NA,1.45,77.71,NA,NA,100,NA,NA,2.17,NA,NA,NA,NA,100,100,85.95,NA,NA,77.71,0,NA,NA,NA,NA,NA,NA,NA,NA,NA,NA,NA,NA,0,NA,-2.34,NA,0,0,NA,NA,0,NA,NA,0,NA,NA,NA,NA,-7.02,0,0,NA,NA,0,0,NA,NA,NA,NA,NA
"LKA","Sri Lanka","South Asia",0,0,0,4555.038928,"Middle",20859949,55.72,66.54,51.08,83.33,12.33,47.69,67.8,51.8,36.46,49.29,50.03,87.88,49.72,50.11,83.33,3.59,100,45.28,100,33.34,100,73.2,8.18,25.25,28.23,94.4,29.8,51.22,85.24,63.64,39.71,42.15,30.77,70.26,12.33,11.73,30.93,-3.98,39.39,-43.83,45.14,7.25,-0.18,0.12,-25.35,-11.94,33.33,0,48.74,39.39,-0.37,0,41.53,50,0,0,22.7,6.61,-2.8,-35.88,-37.37,-34.32,0,0,0,-11.25,-4.59,4.84,10.44,-43.83
"LSO","Lesotho","Sub-Saharan Africa",1,1,0,1385.798906,"Lower",2171318,NA,30.95,NA,24.65,40.38,22.03,NA,52.48,NA,100,NA,0,1.41,7.33,24.65,4.95,100,36.73,NA,NA,NA,NA,NA,100,NA,100,NA,NA,1.41,0,NA,NA,NA,NA,40.38,NA,10.79,NA,14.12,-29.81,15.98,NA,-1.07,NA,0,NA,0,0,0.23,14.12,-2.14,0,31.74,NA,NA,NA,NA,NA,0,NA,0,NA,NA,0,0,NA,NA,NA,NA,-29.81
"LTU","Lithuania","Europe",0,0,0,15390.81833,"Upper",3320656,65.5,83.28,57.88,74.13,42.26,84.88,44.67,100,42.75,100,24.64,50.16,86.06,73.4,74.13,100,100,96.37,29.78,NA,60.42,53.12,28.21,100,100,100,20.42,90.94,85.76,90.91,4.67,35.76,49.75,28.86,42.26,0.63,-12.16,11.1,-25.85,-28.87,3.04,-0.89,0,8.11,0,12.61,18.34,45.34,2.4,-25.85,0,0,3.69,27.51,NA,-50,29.49,29.46,0,0,0,-0.57,0,48.09,0,12.46,-1.51,17.74,25.78,-28.87
"LUX","Luxembourg","Europe",1,0,0,71161.78855,"Upper",505831,69.2,100,56,100,35.2,100,19.76,100,62.53,95.32,NA,14.81,100,100,100,100,NA,100,22.22,NA,0,47.63,12.12,100,100,85.95,NA,NA,100,0,8.51,43.34,81.73,NA,35.2,0.26,8.1,-6.16,16.2,-32.4,0,-16.45,0,13.59,-2.34,NA,12.17,0,0,16.2,0,NA,0,18.26,NA,-12.88,8.75,-50,-7.02,0,0,NA,NA,0,0,-50,15.11,12.07,NA,-32.4
"LVA","Latvia","Europe",0,0,0,12938.0177,"Middle",2242916,70.37,73.81,68.9,85.35,54.18,58.12,56.32,66.41,74.41,93.22,29.11,51.78,96.97,32.06,85.35,32.82,100,84.18,34.48,NA,68.16,55.27,23.61,100,100,79.65,19.66,86.37,100,86.36,63.85,67.91,80.9,38.56,54.18,18,24.95,12.31,50,-22.91,0,5.39,-0.2,48.58,-3.39,-0.36,32.57,21.39,0,50,-0.4,0,0,48.85,NA,-22.31,36.41,21.71,-10.18,0,0,-1.59,0.01,27.5,0,-18.7,48.66,48.51,0.88,-22.91
"MAC","Macao","East Asia and the Pacific",0,0,0,55318.72066,"Upper",543656,NA,NA,NA,91.43,NA,NA,NA,NA,NA,NA,24.63,0,0,NA,91.43,NA,NA,NA,NA,NA,NA,NA,NA,NA,NA,NA,49.25,NA,0,0,NA,NA,NA,0,NA,NA,NA,NA,26.01,NA,NA,NA,NA,NA,NA,1.7,0,0,NA,26.01,NA,NA,NA,NA,NA,NA,NA,NA,NA,NA,NA,3.4,NA,0,0,NA,NA,NA,0,NA
"MAR","Morocco","Middle East and North Africa",0,0,0,4218.967387,"Middle",31951412,45.76,60.29,39.53,71.78,9.03,28.27,57.05,69.33,31.57,76.53,23.47,75.26,22.34,24.9,71.78,38.65,100,31.64,71.98,0,98.36,56.75,4.48,100,71.22,58.38,43.32,65.27,9.06,81.82,13.97,37.57,25.58,3.62,9.03,7.59,23.99,-5.83,44.26,-45.48,9.64,-1.48,-2.18,6.26,-11.73,-4.7,9.72,0.01,10.55,44.26,-4.36,0,8.72,0,0,-22.49,3.77,12.55,-20.81,-14.39,0,-12.86,0.04,0,29.17,21.25,2.25,10.27,3.46,-45.48
"MCO","Monaco","Europe",0,1,0,29556,"Upper",35407,NA,NA,NA,NA,NA,NA,NA,100,NA,NA,13.13,13.64,100,NA,NA,100,NA,NA,NA,NA,NA,NA,NA,NA,NA,NA,NA,100,100,13.64,NA,NA,NA,13.13,NA,NA,NA,NA,NA,NA,NA,NA,0,NA,NA,-50,31.25,49.41,NA,NA,0,NA,NA,NA,NA,NA,NA,NA,NA,NA,NA,NA,50,0,31.25,NA,NA,NA,-50,NA
"MDA","Moldova","Eastern Europe and Central Asia",1,0,0,2789.438499,"Middle",3562062,45.21,60.32,38.74,69.16,22.29,39.15,42.94,63.8,45.07,100,NA,71.74,8.18,33.02,69.16,27.6,100,45.28,64.43,NA,90.82,26.43,11.18,100,100,100,NA,NA,8.18,86.36,1.53,53.45,36.69,NA,22.29,5.04,7.36,3.14,17.54,-38.85,-5.77,21.81,0.12,6.47,0,NA,16.67,0.34,0,17.54,0.23,0,-11.54,0,NA,-7.64,50,50,0,0,0,NA,NA,0.34,50,-3.47,-2.3,15.25,NA,-38.85
"MDG","Madagascar","Sub-Saharan Africa",0,0,0,868.924802,"Lower",20713819,NA,32.81,NA,38.31,45.11,4.53,NA,50.07,NA,56.31,43.53,89.39,31.36,2.5,38.31,0.15,100,6.57,100,37.12,NA,NA,NA,37.46,64.63,66.83,43.91,35.74,18,68.18,NA,NA,NA,43.15,45.11,NA,25.58,NA,50,-27.44,2.35,NA,-0.02,NA,-21.85,-18.26,33.33,0,0.76,50,-0.04,0,3.94,50,0,NA,NA,NA,-16.59,-17.68,-31.27,-46.84,0.01,0,0,NA,NA,NA,10.32,-27.44
"MDV","Maldives","South Asia",0,1,0,5135.968513,"Middle",315885,NA,58.01,NA,68.2,NA,61.82,NA,33.81,NA,100,53.2,46.11,75.45,76.2,68.2,33.81,NA,47.45,69.16,NA,NA,NA,NA,100,NA,100,21.08,75.47,0,0,NA,NA,NA,85.32,NA,NA,36.83,NA,49.93,NA,28.41,NA,19.05,NA,0,-0.39,0,49.98,50,49.93,19.05,NA,6.81,0,NA,NA,NA,NA,0,NA,0,-50,50,0,0,NA,NA,NA,49.21,NA
"MEX","Mexico","Latin America and Caribbean",0,0,0,12498.33814,"Middle",113423047,49.11,64.07,42.69,72.92,13.05,47.76,40.5,62.68,32.62,63.22,23.11,45.58,63.47,39.92,72.92,27.38,97.98,55.59,29.73,29.05,60.32,45.18,9.79,51.85,NA,85.95,24.37,82.77,63,77.27,14.09,27.61,37.63,21.85,13.05,10.72,24.25,-0.35,20.18,-43.47,30.79,-6.45,25.85,21.59,-18.39,-12.23,31.67,15.64,33.72,20.18,1.7,50,27.86,22.5,4.49,-29.32,0.02,36.62,-7.02,NA,-24.08,-27.3,5.15,41.04,50,-11.24,22.58,20.6,2.84,-43.47
"MHL","Marshall Islands","East Asia and the Pacific",0,1,0,2377.25,"Middle",54038,NA,NA,NA,NA,NA,41.7,NA,14.76,NA,100,50,0,45.57,27.8,NA,14.76,NA,55.59,NA,NA,NA,NA,NA,100,NA,NA,0,45.57,21.82,0,NA,NA,NA,100,NA,NA,NA,NA,NA,NA,3.83,NA,-4.33,NA,0,-25,0,0,9.81,NA,-4.33,NA,-2.15,NA,NA,NA,NA,NA,NA,NA,0,-50,0,0,0,NA,NA,NA,0,NA
"MKD","Macedonia","Eastern Europe and Central Asia",1,0,0,8733.745473,"Middle",2060563,46.96,73.78,35.47,82.39,19.82,73.08,34.28,57.27,20.43,98.13,NA,44.29,28.18,46.16,82.39,14.55,100,100,48.25,NA,56.94,31.8,2.88,100,100,94.4,NA,NA,28.18,36.36,18.6,20.49,20.36,NA,19.82,3.77,7.06,1.07,12.8,-40.09,2.77,8.48,-0.11,31.09,-0.93,NA,0,0.24,5.53,12.8,-0.22,0,0,0,NA,-3.46,23.61,-4.95,-2.8,0,0,NA,NA,0.24,0,14.45,31.32,30.87,NA,-40.09
"MLI","Mali","Sub-Saharan Africa",1,0,0,954.9824016,"Lower",15369809,NA,13.46,NA,3.55,35.77,11.34,NA,35.41,NA,76.68,NA,49.84,14.29,9.55,3.55,0.29,70.54,13.13,74.77,NA,NA,NA,NA,30.05,100,100,NA,NA,14.29,0,NA,NA,NA,NA,35.77,NA,7.91,NA,10.57,-32.11,9.72,NA,0.77,NA,-11.66,NA,-27.56,0.92,4.38,10.57,-1.22,2.76,15.07,-41.34,NA,NA,NA,NA,0,0,-34.97,NA,NA,0.92,0,NA,NA,NA,NA,-32.11
"MLT","Malta","Europe",0,1,0,22102.12697,"Upper",412961,48.51,91.2,30.22,82.39,12.3,100,32.29,100,23.56,100,34.66,14.81,44.09,100,82.39,100,NA,100,22.22,NA,43.65,48.59,0,NA,100,NA,43.7,43.74,99.18,0,0,14.36,32.76,25.63,12.3,1.24,3.06,-0.25,6.13,-43.85,0,-3.02,0,35.68,0,0,12.17,2.12,0,6.13,0,NA,0,18.26,NA,-12.13,4.14,-1.48,NA,0,NA,50,1.96,27.46,0,0,38.42,32.94,-50,-43.85
"MMR","Myanmar","East Asia and the Pacific",0,0,0,1025.09,"Lower",47963012,52.72,36.01,59.88,40.73,50.86,28.74,77.27,33.84,70.24,26.29,33.3,84.85,53.57,35.09,40.73,0.74,66.95,22.38,100,89.89,100,81.73,19.61,20.48,0,58.38,50.45,54.93,34.12,54.55,71.47,78.25,62.24,16.15,50.86,6.56,15.84,-1.04,23.48,-24.57,24.74,24.35,-8.33,-7.03,-36.86,-22.17,0,6.98,40.61,23.48,-0.31,-16.36,8.87,0,0.18,0,26.71,50,-20.81,-50,-39.76,-50,0,14.29,0,50,-7.62,-6.43,5.66,-24.57
"MNE","Montenegro",NA,0,0,0,10027.51376,"Middle",631490,NA,74.87,NA,88.78,58.38,63.66,NA,58.26,0,98.13,22.23,68.18,74.49,52.39,88.78,16.53,100,74.93,NA,NA,NA,NA,NA,100,100,94.4,29.8,65.16,77.94,68.18,NA,0,0,14.66,58.38,NA,1.98,NA,3.94,-20.81,0,NA,0.04,0,-0.93,-8.97,0,0.04,0,3.94,0.07,0,0,NA,NA,NA,NA,NA,-2.8,0,0,-6.19,0,0.06,0,NA,0,0,-11.75,-20.81
"MNG","Mongolia","East Asia and the Pacific",1,0,0,3612.580946,"Middle",2756001,45.37,46.57,44.85,56.85,41.77,20.67,19.66,51.91,13.03,55.93,NA,87.88,69.47,14.81,56.85,3.83,100,26.54,100,NA,53.53,0,6.14,26.19,100,41.59,NA,NA,69.47,63.64,0,22.57,3.49,NA,41.77,6.35,25.79,-9.55,45.91,-29.11,11.3,-15.84,0.02,5.45,-22.04,NA,0,0,1.67,45.91,0.05,0,20.94,0,NA,-50,0.35,10.24,-29.21,0,-36.9,NA,NA,0,0,0,0.25,10.65,NA,-29.11
"MNP","Northern Mariana Islands","East Asia and the Pacific",0,1,0,13572.5,"Middle",60917,NA,NA,NA,NA,NA,66.38,NA,NA,NA,28.88,52.94,0,75.01,57.84,NA,NA,NA,74.93,NA,0.1,NA,NA,NA,28.88,NA,NA,5.88,100,74.06,0,NA,NA,NA,100,NA,NA,NA,NA,NA,NA,22.6,NA,NA,NA,-35.56,16.29,0,37.5,24.64,NA,NA,NA,20.56,NA,0,NA,NA,NA,NA,NA,-35.56,16.47,50,50,0,NA,NA,NA,16.1,NA
"MOZ","Mozambique","Sub-Saharan Africa",0,0,0,845.0198164,"Lower",23390765,47.82,22.05,58.86,15.75,34.19,6.48,93.35,50.22,50.17,71.05,28.67,13.9,62.03,3.99,15.75,0.44,100,8.97,20.84,0.01,100,85.52,89.56,33.51,100,79.65,23,70.17,90.76,0,99.92,68.57,31.76,34.34,34.19,0.83,12.68,-8.86,23.28,-32.9,4.21,10.83,-0.06,-17.24,-14.48,-29.75,-33.33,4.65,2.82,23.28,-0.11,0,5.6,-50,0,0,8.77,50,-10.18,0,-33.25,-50,7.13,5.61,0,1.75,-23.65,-10.83,-9.51,-32.9
"MRT","Mauritania","Sub-Saharan Africa",0,1,0,1743.875902,"Lower",3459773,NA,23.88,NA,20.83,37.41,8.14,NA,45.72,NA,52.16,14.91,0,13.37,6.45,20.83,6.91,84.53,9.83,NA,NA,NA,NA,NA,4.32,100,NA,10.78,91.5,3.18,0,NA,NA,NA,19.03,37.41,NA,7.46,NA,10.82,-31.29,7.56,NA,0.62,NA,-23.92,2.04,0,0,4.9,10.82,1.77,-0.52,10.22,NA,NA,NA,NA,NA,NA,0,-47.84,-5.08,0,0,0,NA,NA,NA,9.16,-31.29
"MSR","Montserrat","Latin America and Caribbean",0,1,0,3544.5,"Middle",5118,NA,NA,NA,NA,55.52,100,NA,NA,NA,75.7,NA,0,8.45,100,NA,NA,NA,100,NA,16.51,NA,NA,NA,100,NA,27.11,NA,5.38,32.82,0,NA,NA,NA,NA,55.52,NA,NA,NA,NA,-22.24,0,NA,NA,NA,-12.15,NA,0,0,0,NA,NA,NA,0,NA,0,NA,NA,NA,-36.44,NA,0,NA,0,0,0,NA,NA,NA,NA,-22.24
"MTQ","Martinique","Latin America and Caribbean",0,0,0,14771.52,"Upper",NA,NA,NA,NA,90.06,45.73,NA,NA,NA,NA,86.13,36.42,0,49.63,NA,90.06,NA,NA,NA,NA,NA,NA,NA,NA,100,NA,58.38,29.8,48.27,100,0,NA,NA,NA,43.05,45.73,NA,NA,NA,14.04,-27.13,NA,NA,NA,NA,-6.94,12.61,0,0.31,NA,14.04,NA,NA,NA,NA,NA,NA,NA,NA,-20.81,NA,0,22.04,0.32,0,0,NA,NA,NA,3.17,-27.13
"MUS","Mauritius","Sub-Saharan Africa",0,0,0,12269.51984,"Middle",1281214,NA,80.53,NA,77.49,36.9,67.14,NA,100,NA,95.32,52.61,95.45,18.4,50.11,77.49,100,NA,84.18,100,0.23,NA,NA,NA,100,100,85.95,11.92,24.46,28.29,86.36,NA,NA,NA,93.3,36.9,NA,10.44,NA,-4.12,-31.55,0,NA,50,NA,-2.34,0,16.67,0,0,-4.12,50,NA,0,0,0,NA,NA,NA,-7.02,0,0,-50,0,0,50,NA,NA,NA,50,-31.55
"MWI","Malawi","Sub-Saharan Africa",1,0,0,791.3116778,"Lower",14900841,NA,29.53,NA,22.01,59.12,24.02,NA,50.07,NA,42.61,NA,0,95.47,17.52,22.01,0.15,100,30.52,NA,96.64,NA,NA,NA,19.49,37.92,70.42,NA,NA,94.88,0,NA,NA,NA,NA,59.12,NA,22.51,NA,33.41,-20.44,23.5,NA,-0.27,NA,-28.69,NA,0,0,9.38,33.41,-0.54,0,37.62,NA,0,NA,NA,NA,-14.79,-31.04,-40.25,NA,NA,0,0,NA,NA,NA,NA,-20.44
"MYS","Malaysia","East Asia and the Pacific",0,0,0,13186.24219,"Middle",28401017,62.51,85.28,52.75,80.63,48.4,82.56,27.99,97.3,41.49,17.4,31.04,95.45,90.1,65.13,80.63,100,94.61,100,100,99.99,43.14,32.31,4.21,38.98,0,13.21,62.08,74.15,100,86.36,6.35,36.38,46.6,0,48.4,8.27,35.44,-13.96,27.44,-25.8,45.3,-24.85,41.58,-27.78,-41.3,-4.58,33.33,0,40.61,27.44,33.16,50,50,50,0,-50,-1.98,-31.63,-43.39,-50,-30.51,-9.17,0,0,0,-12.78,-35.22,-20.34,0,-25.8
"MYT","Mayotte","Sub-Saharan Africa",0,0,0,4900,"Middle",204114,NA,NA,NA,100,100,NA,NA,NA,NA,41.44,57.22,0,50.8,NA,100,NA,NA,NA,NA,NA,NA,NA,NA,12.16,NA,100,29.8,51.04,15.41,0,NA,NA,NA,84.63,100,NA,NA,NA,0,0,NA,NA,NA,NA,-29.28,9.03,0,0.43,NA,0,NA,NA,NA,NA,NA,NA,NA,NA,0,NA,-43.92,18.05,0.41,4.08,0,NA,NA,NA,0,0
"NAM","Namibia","Sub-Saharan Africa",0,0,0,5807.064425,"Middle",2283289,50.68,43.87,53.6,46.1,38.19,29.22,67.49,54.06,1.37,48.31,23.93,66.67,80.83,8.57,46.1,8.13,100,49.86,100,NA,88.56,61.75,17.2,19.53,39.44,85.95,26.17,77.79,82.76,0,82.03,2.74,0,21.69,38.19,1.23,22.03,-15.79,30.26,-30.9,27.22,-38.26,0.38,-41.97,-25.85,10.87,0,16.52,4.44,30.26,0.75,0,50,0,NA,-50,-16.45,-50,-7.02,-30.28,-40.24,10.45,34.7,4.9,0,-50,-50,-33.93,11.29,-30.9
"NCL","New Caledonia","East Asia and the Pacific",0,0,0,15387,"Upper",254000,NA,NA,NA,83.33,67.88,NA,NA,100,NA,95.32,36.55,0,68.62,NA,83.33,NA,100,NA,NA,29.96,NA,NA,NA,100,100,85.95,0,81.24,100,0,NA,NA,NA,73.11,67.88,NA,NA,NA,10.45,-16.06,NA,NA,0,NA,-2.34,-11.11,0,41.32,NA,10.45,NA,0,NA,NA,15.29,NA,NA,NA,-7.02,0,0,-50,50,50,0,NA,NA,NA,27.78,-16.06
"NER","Niger","Sub-Saharan Africa",1,1,0,653.0261094,"Lower",15511953,NA,15.81,NA,10.58,45.1,5.71,NA,36.36,NA,20.82,NA,84.85,41.59,2.02,10.58,0.15,72.57,9.4,100,NA,NA,NA,NA,19.27,22.38,NA,NA,NA,41.59,54.55,NA,NA,NA,NA,45.1,NA,17.14,NA,32.24,-27.45,4.21,NA,-0.14,NA,-39.59,NA,0,0,1.49,32.24,-0.07,-0.2,6.94,0,NA,NA,NA,NA,NA,-38.81,-40.37,NA,NA,0,0,NA,NA,NA,NA,-27.45
"NFK","Norfolk Island","East Asia and the Pacific",0,1,0,NA,NA,2155,NA,NA,NA,NA,NA,NA,NA,NA,NA,NA,41.97,0,45.01,NA,NA,NA,NA,NA,NA,19.28,NA,NA,NA,NA,NA,NA,0,53.58,100,0,NA,NA,NA,83.94,NA,NA,NA,NA,NA,NA,NA,NA,NA,NA,NA,0,0,37.5,NA,NA,NA,NA,NA,NA,0,NA,NA,NA,NA,NA,NA,-50,50,0,0,NA,NA,NA,50,NA
"NGA","Nigeria","Sub-Saharan Africa",0,0,0,2135.461398,"Lower",158423182,40.14,16.54,50.26,12.68,27.07,11.21,60.03,29.61,62.56,33.33,30.52,66.67,52.69,8.26,12.68,4.16,55.06,14.17,100,0.03,100,57.6,9.55,0,0,100,50.98,38.61,75.94,0,22.9,71.48,53.64,10.05,27.07,5.84,13.08,-0.09,21.88,-36.46,2.31,6.65,6.24,50,-33.33,-7.97,0,0,-2.03,21.88,1.16,11.31,6.65,0,0,0,49.76,-21.77,0,-50,-50,-11.7,0,0,0,-50,50,50,-4.24,-36.46
"NIC","Nicaragua","Latin America and Caribbean",0,0,0,2499.386555,"Middle",5788163,59.23,54.93,61.07,69.66,40.76,26.2,61.44,54.19,42.59,15.14,51.39,71.21,95.27,15.67,69.66,8.38,100,36.73,100,NA,100,59.21,7.19,2.56,0,42.84,79.33,99.51,91.12,13.64,30.9,51.31,33.88,23.45,40.76,11.25,25.21,-0.18,44.13,-29.62,11.69,13.82,0.9,14.69,-42.43,-0.14,0,7.13,6.09,44.13,1.8,0,17.29,0,NA,0,9.17,20.73,-28.58,-50,-48.72,0,14.42,0,0,50,13.25,16.12,-0.29,-29.62
"NIU","Niue","East Asia and the Pacific",0,1,0,5949.64,"Middle",1354,NA,NA,NA,NA,NA,100,NA,100,NA,100,47.58,0,1.44,100,NA,100,NA,100,NA,NA,NA,NA,NA,100,NA,NA,0,1.35,100,0,NA,NA,NA,95.15,NA,NA,NA,NA,NA,NA,0,NA,50,NA,0,0,0,0,0,NA,50,NA,0,NA,NA,NA,NA,NA,NA,NA,0,0,0,0,0,NA,NA,NA,0,NA
"NLD","Netherlands","Europe",0,0,0,36915.2523,"Upper",16612213,65.65,97.23,52.12,94.45,22.74,100,27.58,100,67.72,95.32,13.28,44.37,84.67,100,94.45,100,100,100,30.18,NA,22.14,46.94,13.14,100,100,85.95,19.31,93.53,71.88,72.73,9.55,53.81,81.62,7.24,22.74,1.98,1.11,2.69,2.22,-38.63,0,14.55,0,6.07,-2.34,0.47,26.24,4.37,0,2.22,0,0,0,39.36,NA,11.46,12.79,9.2,-7.02,0,0,-15.93,2.32,7.34,0,31.22,6.92,5.22,16.87,-38.63
"NOR","Norway","Europe",0,0,0,46926.20363,"Upper",4885240,69.92,100,57.03,100,54.37,100,56.3,100,66.03,98.13,13.68,31.82,63.74,100,100,100,100,100,0,NA,33.8,61.55,56.26,100,100,94.4,15.66,61.98,74.47,95.45,96.59,49.9,82.16,11.7,54.37,2.95,9.3,-2.26,18.61,-22.82,0,-9.96,0,5.66,-0.93,-12.7,0.51,13.9,0,18.61,0,0,0,0.76,NA,-8.05,5.85,-50,-2.8,0,0,-18.18,8.63,45.89,0,-11.28,5.73,5.58,-7.23,-22.82
"NPL","Nepal","South Asia",1,0,1,1075.388099,"Lower",29959364,57.97,37.93,66.56,54.51,37.33,24.71,88.65,18.01,55.18,100,NA,40.91,62.18,7.94,54.51,2.87,33.16,41.47,NA,NA,100,83.96,73.11,100,100,100,NA,NA,62.18,40.91,99.58,69.96,40.41,NA,37.33,11.26,27.5,-2.03,50,-31.33,14.45,1.6,-4.44,13.23,0,NA,0,0,8.18,50,-0.63,-8.25,20.72,NA,NA,0,11.57,-17.95,0,0,0,NA,NA,0,0,3.04,12.28,14.18,NA,-31.33
"NRU","Nauru","East Asia and the Pacific",0,1,0,5000,"Middle",9267,NA,NA,NA,NA,NA,NA,NA,100,NA,NA,50,0,0,NA,NA,100,NA,NA,NA,NA,NA,NA,NA,NA,NA,NA,0,0,0,0,NA,NA,NA,100,NA,NA,NA,NA,NA,NA,NA,NA,26.7,NA,NA,-25,0,0,NA,NA,26.7,NA,NA,NA,NA,NA,NA,NA,NA,NA,NA,-50,0,0,0,NA,NA,NA,0,NA
"NZL","New Zealand","East Asia and the Pacific",0,0,0,25738.12076,"Upper",4367800,66.05,95.03,53.62,90.06,40.33,100,44.57,100,39.2,60.44,28.4,78.3,74.43,NA,90.06,100,100,100,69.72,0.82,36.25,49.68,25.04,71.04,NA,39.25,27.77,100,83.94,95.45,71.63,27.39,51.02,29.02,40.33,6.44,7.36,5.69,14.71,-29.83,0,14.7,0,-8.22,-19.78,0.34,-5.31,35.34,NA,14.71,0,0,0,-7.97,0.84,23.13,18.13,-2.64,-30.37,NA,-14.48,-14.73,50,0.68,0,4.38,-12.23,-4.21,15.42,-29.83
"OMN","Oman","Middle East and North Africa",0,1,0,24226.47132,"Upper",2782435,44,73.85,31.21,82.39,29.37,42.14,11.87,88.48,17.89,100,25.95,31.73,59.69,42.82,82.39,100,76.96,41.47,47.59,NA,13.03,20.87,0.04,100,NA,NA,25,58.08,62.18,0,0,9.07,26.7,26.91,29.37,3.39,20.66,-10.75,48.65,-35.31,10.36,-23.24,-25,1.15,0,2.72,0,0,0,48.65,0,-50,20.72,0,NA,-50,-14.64,-4.1,NA,NA,0,9.17,0,0,0,0,-0.71,3,-3.72,-35.31
"PAK","Pakistan","South Asia",0,0,0,2416.658784,"Middle",173593383,39.56,28.62,44.25,33.35,6.09,29.03,56.73,18.76,41.17,22.64,20.5,66.67,60.05,12.78,33.35,9.18,28.35,45.28,100,NA,100,45.93,8.27,0,1.08,66.83,28.96,64.93,58.88,0,29.45,50.76,31.57,12.03,6.09,4.23,14.83,-4.44,16.01,-46.95,10.6,4.1,16.71,18.08,-38.68,-16.94,33.33,0,10.38,16.01,5.34,28.09,10.82,50,NA,0,6.63,-1.05,-16.59,-49.46,-50,-44.14,0,0,0,12.92,14.76,21.4,10.26,-46.95
"PAN","Panama","Latin America and Caribbean",0,0,0,12541.4214,"Middle",3516820,57.94,57.09,58.31,63.2,41.44,38.73,58.62,63.22,43.14,52.06,35.59,54.88,84.81,24.9,63.2,26.45,100,52.55,36.87,99.67,80.94,56.47,13.83,42.49,55.3,58.38,46.15,76.67,90.76,90.91,56.37,39.92,46.35,25.03,41.44,0.65,9.99,-6.99,12.77,-29.28,13.48,-12.79,0.94,8.23,-23.97,10.02,0,0.01,8.65,12.77,1.89,0,18.32,0,0,-50,22.36,-3.58,-20.81,-22.35,-28.75,0,0,0.06,0,-17.19,4.96,11.51,20.04,-29.28
"PCN","Pitcairn","East Asia and the Pacific",0,1,0,NA,NA,48,NA,NA,NA,NA,NA,NA,NA,NA,NA,100,45.44,0,0,NA,NA,NA,NA,NA,NA,NA,NA,NA,NA,100,NA,NA,0,0,0,0,NA,NA,NA,90.88,NA,NA,NA,NA,NA,NA,NA,NA,NA,NA,0,0,0,0,NA,NA,NA,NA,NA,NA,NA,NA,NA,NA,NA,NA,0,0,0,0,0,NA,NA,NA,0,NA
"PER","Peru","Latin America and Caribbean",0,0,0,8558.359113,"Middle",29076512,50.29,45.7,52.25,48.55,24.37,28.52,67.3,57.18,13.86,64.45,24.12,57.08,74.04,24.24,48.55,14.37,100,32.81,42.44,74.89,97.51,61.59,18.41,53.69,NA,85.95,23.2,65.08,78.88,86.36,59.03,16.09,11.64,25.04,24.37,1.43,5.96,-2.28,7.79,-37.81,10.84,-18.21,-2.56,10.3,-17.77,-4.88,10.42,26.93,12.53,7.79,-5.12,0,9.15,0,13.48,-16.76,7.58,-50,-7.02,NA,-23.15,-15.19,0,50,31.25,-50,6.63,13.98,5.44,-37.81
"PHL","Philippines","East Asia and the Pacific",0,0,0,3560.49503,"Middle",93260798,57.4,52.56,59.48,57.97,36.44,38.85,64.66,55.44,39.06,90.14,25.84,92.42,66.04,30.25,57.97,10.88,100,47.45,100,38.23,100,67.48,7.67,100,100,70.42,37.68,78.23,64,77.27,32.59,45.77,32.35,14.01,36.44,6.8,14.26,0.69,19.52,-31.78,17.69,6.68,0.3,1.56,-4.93,4.52,33.33,0.23,18.96,19.52,0.6,0,16.42,50,0,0,32.15,-0.01,-14.79,0,0,10.37,0.09,1.12,0,-30.5,-2,5.13,-1.32,-31.78
"PLW","Palau","East Asia and the Pacific",0,0,0,12414.21654,"Middle",20472,NA,NA,NA,NA,NA,34.18,NA,100,NA,66.67,50,0,47.44,33.02,NA,100,NA,35.34,NA,NA,NA,NA,NA,100,0,100,0,47.46,13.41,0,NA,NA,NA,100,NA,NA,NA,NA,NA,NA,3.18,NA,0,NA,-16.67,0.3,0,5.95,3.07,NA,0,NA,3.29,NA,NA,NA,NA,NA,0,-50,0,0,5.95,0.4,0,NA,NA,NA,0.59,NA
"PNG","Papua New Guinea","East Asia and the Pacific",0,0,0,2217.328341,"Lower",6858266,NA,36.16,NA,42.19,100,9.48,NA,50.76,NA,73.83,52.19,66.67,38.2,12.78,42.19,1.52,100,6.19,100,4.49,NA,NA,NA,35.53,100,85.95,29.8,59.42,14.18,0,NA,NA,NA,74.58,100,NA,12.03,NA,24.22,0,-0.31,NA,0,NA,-13.09,-6.8,0,0.02,-1.55,24.22,0,0,0.94,0,0,NA,NA,NA,-7.02,0,-32.24,-50,0,0.14,0,NA,NA,NA,36.41,0
"POL","Poland","Europe",0,0,0,17336.6698,"Upper",38187488,63.47,89.22,52.43,91.43,32.77,74.02,25.91,100,25.36,91.54,27.63,48.62,98.81,48.04,91.43,100,100,100,25.2,NA,34.82,34.94,4.21,100,100,74.61,29.8,81.39,100,95.45,5.74,19.78,30.94,25.45,32.77,0.25,3.08,-2.06,2.77,-33.61,0,12.59,6.78,12.93,-4.23,-4.12,-23.28,0.06,0,2.77,0,13.56,0,-45.34,NA,-6.43,34.27,0.2,-12.69,0,0,-31.76,0.86,0,20.83,18.76,9.56,16.31,23.53,-33.61
"PRI","Puerto Rico","North America",0,0,0,15935.49,"Upper",3978702,NA,NA,NA,87.57,27.29,NA,NA,100,NA,66.67,44.34,0,53.05,NA,87.57,100,NA,NA,NA,35.06,NA,NA,NA,100,0,100,42.73,59.58,48,0,NA,NA,NA,45.95,27.29,NA,NA,NA,11.2,-36.35,NA,NA,0,NA,-16.67,-3.36,0,0.02,NA,11.2,0,NA,NA,NA,0,NA,NA,NA,0,-50,0,-22.51,0.03,0.06,0,NA,NA,NA,15.79,-36.35
"PRK","North Korea","East Asia and the Pacific",0,0,0,1677.42,"Lower",24346229,NA,NA,NA,NA,NA,NA,NA,NA,NA,NA,NA,NA,NA,19.01,57.4,NA,93.38,100,100,NA,70.97,0,7.1,2.69,17.42,74.61,100,49.08,14,0,59.09,38.44,12.18,23,31.12,NA,NA,NA,NA,NA,NA,NA,NA,NA,NA,NA,NA,NA,NA,NA,NA,NA,NA,NA,NA,NA,NA,NA,NA,NA,NA,NA,NA,NA,NA,NA,NA,NA,NA,NA
"PRT","Portugal","Europe",0,0,0,21658.21881,"Upper",10642841,57.64,93.05,42.46,90.06,11.68,92.09,43.23,100,37.74,33.65,22.95,50.65,66.16,100,90.06,100,100,84.18,30.51,94.37,49.62,52.26,13.52,100,0,0.95,14.37,57.18,49,90.91,36.96,27.51,47.97,31.54,11.68,10.61,13.27,8.43,14.04,-44.16,25,34.44,0,20.9,-33.17,1.42,15.29,16.39,50,14.04,0,0,0,22.94,50,50,20.21,34.6,-49.52,-50,0,-5.82,5.22,4.65,0,31.16,23.37,18.43,8.66,-44.16
"PRY","Paraguay","Latin America and Caribbean",1,0,0,4656.357347,"Middle",6454548,52.4,52.18,52.5,60.76,45.25,31.9,89.49,55.3,62.28,19.37,NA,64.46,21.29,25.59,60.76,10.61,100,38.2,51.24,0,100,69.98,100,19.57,NA,18.96,NA,NA,31.94,90.91,100,64.93,59.64,NA,45.25,6.58,17,-1.95,18.97,-27.37,30.01,3.36,0.04,14.67,-40.31,NA,0,9.28,23.66,18.97,0.08,0,36.36,0,0,0,9.6,0,-40.52,NA,-40.21,NA,NA,13.92,0,0,15.14,14.2,NA,-27.37
"PSE","Occupied Palestinian Territory","Middle East and North Africa",0,1,0,2900,"Middle",4152102,NA,52.51,NA,72.92,NA,46.81,NA,17.39,NA,100,16.49,0,4.65,46.16,72.92,17.39,NA,47.45,NA,NA,NA,NA,NA,100,NA,100,15.57,NA,4.65,0,NA,NA,NA,17.4,NA,NA,9.41,NA,22.03,NA,-6.42,NA,0,NA,0,-23.28,0,0,0,22.03,0,NA,-12.84,NA,NA,NA,NA,NA,0,NA,0,-50,NA,0,0,NA,NA,NA,3.44,NA
"PYF","French Polynesia","East Asia and the Pacific",0,1,0,18225,"Upper",270764,NA,NA,NA,79,NA,88.1,NA,NA,NA,100,51.12,0,16.6,76.2,79,NA,NA,100,NA,1.82,NA,NA,NA,100,NA,NA,14.7,21.54,2.06,0,NA,NA,NA,87.54,NA,NA,NA,NA,11.29,NA,0,NA,NA,NA,0,-2.58,0,0,0,11.29,NA,NA,0,NA,0,NA,NA,NA,NA,NA,0,-19.1,0,0,0,NA,NA,NA,13.94,NA
"QAT","Qatar","Middle East and North Africa",0,1,0,73196.38312,"Upper",1758793,46.59,89.9,28.03,79.8,6.02,100,3.66,100,32.7,NA,52.02,66.67,40.19,100,79.8,100,NA,100,100,NA,0,0,24.37,NA,NA,NA,71.31,54.36,13.88,0,0,12.42,52.98,32.73,6.02,-1.74,-0.22,-2.98,-0.45,-46.99,0,6.77,0,9.84,NA,0.22,0,0.81,0,-0.45,0,NA,0,0,NA,0,-0.28,45.78,NA,NA,NA,30.58,0,2.31,0,0,9.62,10.06,-30.14,-46.99
"REU","RÃ©union","Sub-Saharan Africa",0,0,0,6200,"Middle",NA,NA,NA,NA,100,32.35,NA,NA,NA,NA,100,82.55,0,51.24,NA,100,NA,NA,NA,NA,100,NA,NA,NA,100,NA,100,65.1,34.46,100,0,NA,NA,NA,100,32.35,NA,NA,NA,0,-33.83,NA,NA,NA,NA,0,-1.08,0,42.34,NA,0,NA,NA,NA,NA,50,NA,NA,NA,0,NA,0,-6.84,39.71,50,0,NA,NA,NA,4.67,-33.83
"ROU","Romania","Europe",0,0,0,10929.43266,"Middle",21442012,48.34,60.67,43.05,77.49,25.72,27.04,41.82,60.64,21.39,93.22,39.7,51.63,45.33,27.04,77.49,21.29,100,NA,32,NA,61.03,42.36,10.6,100,100,79.65,3.74,95.94,40.24,90.91,26.94,19.56,23.21,75.66,25.72,16.94,17.46,16.52,28.52,-37.14,0,23,12.8,11.57,-3.39,25,49.87,32.03,0,28.52,0.06,25.55,NA,49.81,NA,19.68,50,-3.24,-10.18,0,0,0,0,35.25,50,-6.03,4.49,18.66,50,-37.14
"RUS","Russia","Eastern Europe and Central Asia",0,0,0,14182.55751,"Upper",141750000,45.43,60.93,38.79,60.76,45.43,53.04,17.92,69.15,19.28,86.96,19.37,20.05,62.75,42.82,60.76,38.3,100,63.27,30.08,NA,21.66,13.59,19.62,100,100,60.89,26.13,87.96,53.35,0,17.64,15.51,23.05,12.61,45.43,-12.82,-23.97,-3.7,-38.07,-27.28,5.25,4.8,-25,10.95,-6.52,-23.34,-6.63,0.73,0,-38.07,-50,0,10.49,-9.95,NA,-23.04,42.66,-5.52,-19.55,0,0,-22.09,0.04,0.99,0,-8.26,3.11,18.78,-24.59,-27.28
"RWA","Rwanda","Sub-Saharan Africa",1,0,0,1043.573168,"Lower",10624005,NA,29.66,NA,30.64,48.3,17.4,NA,39.97,NA,70.63,NA,0,70.97,16.58,30.64,0.15,79.79,18.22,NA,99.04,NA,NA,NA,100,11.9,100,NA,NA,56.94,0,NA,NA,NA,NA,48.3,NA,33.24,NA,50,-25.85,8.02,NA,24.96,NA,-14.68,NA,0,0.47,19.71,50,-0.07,50,-3.68,NA,0,NA,NA,NA,0,-44.05,0,NA,NA,0.71,0,NA,NA,NA,NA,-25.85
"SAU","Saudi Arabia","Middle East and North Africa",0,1,0,20374.32816,"Upper",27448086,49.97,71.29,40.84,76.77,11.86,45.28,6.68,86.32,18.81,50,21.1,65.21,98.95,NA,76.77,100,72.64,45.28,50.09,NA,6.99,10.51,3.73,100,0,NA,24.38,82.39,100,95.45,0,10.21,27.42,17.83,11.86,-6.52,1.26,-12.89,11.36,-44.07,0,-24.11,-17.7,11.86,-25,-21.17,0,0,NA,11.36,0,-35.39,0,0,NA,-50,-17.97,-2.12,NA,-50,0,-32.28,0,0,0,0,12.12,11.61,-10.06,-44.07
"SDN","Sudan","Middle East and North Africa",0,0,0,2023.45104,"Lower",43551941,46,25.02,54.99,25.08,33.42,11.27,68.17,38.68,67.06,92.34,28.26,96.97,29.05,8.89,25.08,4.75,72.6,13.64,100,NA,100,69.28,11.65,77.01,100,100,24.22,39.28,28.88,90.91,47.81,75.95,58.16,32.31,33.42,1.92,12.13,-6.44,23.02,-33.29,-3.06,-3.16,5.55,-5.14,-3.83,-23.43,16.67,0.17,0,23.02,2.43,8.67,-6.13,0,NA,0,-13.69,25.49,0,0,-11.49,-50,0,0.17,50,-14.64,-8.2,-2.09,3.13,-33.29
"SEN","Senegal","Sub-Saharan Africa",0,0,1,1732.199577,"Lower",12433728,46.73,22.54,57.1,22.22,29.75,18.07,65.66,27.65,48.6,67.22,14.73,18.54,90.05,15.23,22.22,9.73,45.56,20.91,27.81,NA,100,57.14,5.38,36.59,65.08,100,21.25,77.43,99.47,0,10.22,59.56,37.64,8.21,29.75,6.94,22.29,-5.62,35.44,-35.12,7.85,2.94,10.41,15.26,-16.39,-13.32,-33.33,5.54,8.49,35.44,2.58,18.24,7.21,-50,NA,0,0.32,15.89,0,-17.46,-31.7,-35.23,12.97,0,0,13.16,13.59,16.93,8.59,-35.12
"SGP","Singapore","East Asia and the Pacific",0,0,0,51969.4673,"Upper",5076700,56.36,100,37.65,100,14.49,100,28.26,100,31.23,79.39,18.39,98.48,34.06,100,100,100,NA,100,100,NA,28.33,49.56,6.57,100,NA,38.16,36.79,80.22,28.47,95.45,0.1,14.72,47.74,0,14.49,7.86,8.1,7.67,16.2,-42.76,0,36.27,0,32.75,-10.31,0,3.47,1.68,0,16.2,0,NA,0,0,NA,44.88,38.4,47.52,-30.92,NA,0,0,0.15,1.87,10.42,-0.07,30.55,34.95,0,-42.76
"SHN","Saint Helena","Sub-Saharan Africa",0,1,0,2805.75,"Middle",7670,NA,NA,NA,NA,NA,NA,NA,NA,NA,100,56.87,0,6.36,NA,NA,NA,NA,NA,NA,0,NA,NA,NA,100,NA,NA,32.11,8.47,86.12,0,NA,NA,NA,81.64,NA,NA,NA,NA,NA,NA,NA,NA,NA,NA,0,44.59,0,0,NA,NA,NA,NA,NA,NA,0,NA,NA,NA,NA,NA,0,39.19,0,0,0,NA,NA,NA,50,NA
"SJM","Svalbard and Jan Mayen Islands","Europe",0,1,0,NA,NA,2067,NA,NA,NA,NA,100,NA,NA,NA,NA,NA,24.25,0,99.92,NA,NA,NA,NA,NA,NA,NA,NA,NA,NA,NA,NA,NA,23.74,99.9,100,0,NA,NA,NA,24.76,100,NA,NA,NA,NA,0,NA,NA,NA,NA,NA,-19.07,0,1.76,NA,NA,NA,NA,NA,NA,NA,NA,NA,NA,NA,NA,NA,-22.52,2.14,0,0,NA,NA,NA,-15.63,0
"SLB","Solomon Islands","East Asia and the Pacific",0,0,0,2430.095615,"Middle",538148,NA,41.84,NA,50.9,100,14.95,NA,50.6,NA,60.29,50,66.67,28.27,8.26,50.9,1.21,100,21.63,100,0,NA,NA,NA,50.61,NA,79.65,0,38.45,0.53,0,NA,NA,NA,100,100,NA,24.34,NA,48.58,0,0.5,NA,-0.3,NA,-19.86,0,0,0,0.99,48.58,-0.59,0,0,0,0,NA,NA,NA,-10.18,NA,-24.7,-50,0,0,0,NA,NA,NA,50,0
"SLE","Sierra Leone","Sub-Saharan Africa",0,0,0,741.6884081,"Lower",5867536,NA,19.63,NA,12.37,85.04,6.41,NA,47.35,NA,51.47,31.77,66.67,9.53,2.99,12.37,0.15,94.56,9.83,100,NA,NA,NA,NA,27.2,NA,100,43.91,0,29.06,0,NA,NA,NA,19.64,85.04,NA,22.5,NA,39.48,-7.48,-2.93,NA,13.99,NA,-24.27,-16.38,0,0,1.74,39.48,-0.73,28.71,-7.6,0,NA,NA,NA,NA,0,NA,-36.4,-8.52,0,0,0,NA,NA,NA,-24.24,-7.48
"SLV","El Salvador","Latin America and Caribbean",0,0,0,6048.051138,"Middle",6192993,52.08,59.43,48.94,67.74,47.78,41.3,67.44,60.93,51.9,40.43,24.7,52.86,39.13,42.82,67.74,21.86,100,39.78,47.47,0,100,61.83,15.64,10.64,NA,100,16.35,63.19,4.88,63.64,56.34,52.2,51.61,33.04,47.78,0.06,4.42,-3.5,-2.39,-26.11,19.07,3.6,3.4,13.48,-29.79,-6.24,0,0.72,19.6,-2.39,6.8,0,18.53,0,0,0,-0.92,15,0,NA,-44.68,-13.46,0.03,4.93,0,11.16,12.48,14.47,0.98,-26.11
"SMR","San Marino","Europe",1,1,0,33734.78,"Upper",31534,NA,NA,NA,NA,NA,NA,NA,100,NA,100,NA,0,0,NA,NA,100,NA,NA,NA,NA,NA,NA,NA,NA,NA,100,NA,NA,0,0,NA,NA,NA,NA,NA,NA,NA,NA,NA,NA,NA,NA,0,NA,0,NA,0,0,NA,NA,0,NA,NA,NA,NA,NA,NA,NA,0,NA,NA,NA,NA,0,0,NA,NA,NA,NA,NA
"SOM","Somalia","Sub-Saharan Africa",0,0,0,559.14,"Lower",9330872,NA,18.25,NA,9.41,28.65,4.16,NA,50,NA,72.36,59.47,0,1.16,5.6,9.41,0,100,2.72,NA,0,NA,NA,NA,17.08,100,100,53.22,0,3.41,0,NA,NA,NA,65.72,28.65,NA,5.87,NA,10.08,-35.68,3.44,NA,-0.14,NA,-13.82,-2.4,0,0,1.09,10.08,-0.29,0,5.8,NA,0,NA,NA,NA,0,0,-41.46,0,0,0,0,NA,NA,NA,-4.79,-35.68
"SPM","Saint Pierre and Miquelon","North America",0,0,0,7427,"Middle",5943,NA,NA,NA,NA,100,NA,NA,NA,NA,66.67,25.52,0,73.23,NA,NA,NA,NA,NA,NA,NA,NA,NA,NA,100,NA,0,0,72.56,100,0,NA,NA,NA,51.04,100,NA,NA,NA,NA,0,NA,NA,NA,NA,-16.67,9.71,0,0,NA,NA,NA,NA,NA,NA,NA,NA,NA,NA,-50,NA,0,-2.2,0,0,0,NA,NA,NA,21.63,0
"SRB","Serbia",NA,1,0,0,10178.69445,"Middle",7292574,46.14,72.69,34.76,82.39,32.61,68.29,20.11,57.69,0,100,NA,68.18,35,52.39,82.39,15.59,99.79,84.18,NA,NA,41.12,3,3.73,100,100,100,NA,NA,35,68.18,27.37,0,0,NA,32.61,0.04,9.72,-7.88,6.13,-33.7,0,-19.78,26.62,0,0,NA,0,7.74,0,6.13,3.24,50,0,NA,NA,-50,-3.15,29.53,0,0,0,NA,NA,7.74,0,-37.35,0,0,NA,-33.7
"STP","Sao Tome and Principe","Sub-Saharan Africa",0,0,0,1699.444044,"Lower",165397,NA,NA,NA,32.38,34.38,24.87,NA,NA,NA,90.14,47.2,66.67,0,6.45,32.38,NA,NA,43.29,100,0,NA,NA,NA,100,100,70.42,37.75,0,0,0,NA,NA,NA,56.64,34.38,NA,NA,NA,14.07,-32.81,23.17,NA,NA,NA,-4.93,-19.38,0,0,4.9,14.07,NA,NA,41.44,0,0,NA,NA,NA,-14.79,0,0,-29.11,0,0,0,NA,NA,NA,-9.66,-32.81
"SUR","Suriname","Latin America and Caribbean",0,0,0,6929.860441,"Middle",524636,NA,64.02,NA,55.26,33.3,45.58,NA,100,NA,98.13,61.02,66.67,69.25,38.61,55.26,NA,100,52.55,100,NA,NA,NA,NA,100,100,94.4,100,82.03,58.82,0,NA,NA,NA,22.04,33.3,NA,6.11,NA,7.61,-33.35,9.21,NA,0,NA,-0.93,27.12,0,1.2,3.95,7.61,NA,0,14.48,0,NA,NA,NA,NA,-2.8,0,0,50,0,2.18,0,NA,NA,NA,4.23,-33.35
"SVK","Slovakia","Europe",1,0,0,19244.15354,"Upper",5433456,66.62,94.39,54.72,88.78,31.83,100,36.18,100,39.52,83.43,NA,49.56,84.47,100,88.78,100,100,100,31.16,NA,42.26,44.49,19.8,100,100,50.28,NA,NA,84.47,86.36,18.95,31.59,47.45,NA,31.83,14.45,17.31,12.12,14.84,-34.08,0,35.72,39.56,29.48,-8.29,NA,19.88,7.14,0,14.84,50,29.13,0,29.82,NA,40.33,50,10.27,-24.86,0,0,NA,NA,7.14,0,17.1,26.34,32.63,NA,-34.08
"SVN","Slovenia","Europe",0,0,0,24982.47426,"Upper",2052821,62.25,88.05,51.2,96.15,46.65,92.09,35.2,67.81,37.31,98.13,8.05,46.04,76.88,100,96.15,35.61,100,84.18,25.88,NA,35.28,46.71,13.44,100,100,94.4,6.87,74.16,76.88,86.36,29.91,26.24,48.38,9.23,46.65,6.43,-8.1,18.31,-5.52,-26.67,-19.94,4.46,-1.4,45.12,-0.93,-2.97,32.59,50,0,-5.52,-2.8,0,-39.88,48.89,NA,-15.4,20.37,8.31,-2.8,0,0,0,11.25,50,0,9.86,45.7,44.54,-5.94,-26.67
"SWE","Sweden","Europe",0,0,0,33686.24642,"Upper",9379116,68.82,100,55.45,100,51.49,100,57.85,100,66.1,82.35,23.23,53.51,52.14,100,100,100,100,100,32.54,NA,53.55,69.38,40.37,100,100,47.04,18.16,87.81,46.24,95.45,58.43,52.48,79.72,28.3,51.49,5.44,0,9.89,0,-24.25,0,34.86,0,10.81,-8.83,-7.14,30.23,6.65,0,0,0,0,0,45.34,NA,50,34.83,5.57,-26.48,0,0,-35.17,0.93,7.6,0,28.9,10.9,10.72,20.9,-24.25
"SWZ","Swaziland","Sub-Saharan Africa",1,0,0,4548.221829,"Middle",1186056,NA,30.56,NA,24.59,31.54,18.98,NA,54.06,NA,67.2,NA,66.67,17.71,17.04,24.59,8.13,100,20.91,100,NA,NA,NA,NA,100,96.99,4.6,NA,NA,17.71,0,NA,NA,NA,NA,31.54,NA,9.55,NA,11.53,-34.23,16.04,NA,-0.9,NA,-16.4,NA,0,0,9.18,11.53,-1.8,0,22.9,0,NA,NA,NA,NA,-47.7,-1.5,0,NA,NA,0,0,NA,NA,NA,NA,-34.23
"SYC","Seychelles","Sub-Saharan Africa",0,0,0,20848.29756,"Upper",86525,NA,NA,NA,NA,NA,NA,NA,100,NA,100,57.5,0,39.53,NA,NA,100,NA,NA,NA,39.41,NA,NA,NA,100,100,100,18.75,39.56,75,0,NA,NA,NA,96.24,NA,NA,NA,NA,NA,NA,NA,NA,29.95,NA,0,18.05,0,0,NA,NA,29.95,NA,NA,NA,0,NA,NA,NA,0,0,0,26.04,0,0,0,NA,NA,NA,10.06,NA
"SYR","Syria","Middle East and North Africa",0,0,0,4742.81583,"Middle",20446608.57,42.75,74.95,28.95,82.39,7.64,54.21,33.63,80.83,27.39,78.38,24.1,74.23,5.74,65.13,82.39,100,61.65,43.29,70.44,NA,70.13,22.11,4.71,100,NA,35.15,23,64.17,3.76,81.82,4.31,32.41,22.38,25.21,7.64,5.52,22.09,-8.05,25.48,-46.18,29.43,-5.43,7.99,8.38,-10.81,-22.23,0,3.15,50,25.48,20.92,-4.95,8.87,0,NA,-4.84,10.92,-16.71,-32.43,NA,0,-50,0,3.26,0,-33.66,6.89,9.87,5.54,-46.18
"TCA","Turks and Caicos Islands","Latin America and Caribbean",0,1,0,11988.75,"Middle",38354,NA,NA,NA,NA,100,68.05,NA,NA,NA,83.43,72.05,0,55.88,61.18,NA,NA,NA,74.93,NA,NA,NA,NA,NA,100,NA,50.28,100,55.57,99.47,0,NA,NA,NA,44.11,100,NA,NA,NA,NA,0,-25,NA,NA,NA,-8.29,24.92,0,0,0,NA,NA,NA,-50,NA,NA,NA,NA,NA,-24.86,NA,0,50,0,0,0,NA,NA,NA,-0.16,0
"TCD","Chad","Sub-Saharan Africa",1,0,0,1229.056555,"Lower",11227208,NA,14.41,NA,5.8,41.3,6.15,NA,39.9,NA,61.15,NA,68.26,55.41,2.02,5.8,1.85,77.96,10.27,79.67,NA,NA,NA,NA,28.21,55.25,100,NA,NA,55.41,45.45,NA,NA,NA,NA,41.3,NA,5.71,NA,4.06,-29.35,3.57,NA,11.15,NA,-19.42,NA,-28.85,0,1.49,4.06,0.51,21.78,5.65,-43.27,NA,NA,NA,NA,0,-22.37,-35.9,NA,NA,0,0,NA,NA,NA,NA,-29.35
"TGO","Togo","Sub-Saharan Africa",0,0,1,895.2744651,"Lower",6027798,48.66,22.71,59.78,20.34,44.96,9,75.16,41.17,69.96,33.33,40.73,86.36,53.01,2.74,20.34,0.29,82.04,15.25,100,NA,100,72.89,22.49,0,NA,100,36.81,0,66.35,59.09,75.4,82.74,57.18,44.66,44.96,2.31,5.94,-0.66,9.77,-27.52,3.64,9.67,0.58,2.54,-33.33,18.61,15.25,0,0,9.77,0,1.16,7.28,22.88,NA,0,2.06,50,0,NA,-50,0,0,0,0,50,2.64,2.43,37.22,-27.52
"THA","Thailand","East Asia and the Pacific",0,0,0,7672.381107,"Middle",69122234,59.98,71.37,55.09,87.57,18.22,70.03,39.19,40.3,42.94,86.96,34.17,93.94,78.91,65.13,87.57,20.02,60.57,74.93,100,NA,63.98,40.75,8.06,100,100,60.89,66.34,82.24,77.65,81.82,8.86,42.5,43.39,2,18.22,12.06,28.7,-1.55,35.78,-40.89,30.93,-14.84,12.32,40.72,-6.52,-13.14,45.83,0,32.48,35.78,3.74,20.89,29.39,43.74,NA,-50,3.24,6.61,-19.55,0,0,-32.69,0,0,50,3.58,39.43,42.01,6.4,-40.89
"TJK","Tajikistan","Eastern Europe and Central Asia",1,1,0,1940.143912,"Lower",6878637,38.78,40.74,37.94,40.73,19.08,39.74,73.55,41.74,38.04,69.29,NA,0,24.35,57.84,40.73,22.54,60.94,21.63,NA,NA,100,48.84,45.1,100,73.67,34.22,NA,NA,24.35,0,97.97,51.06,25.03,NA,19.08,7.18,20.96,-4.09,23.4,-40.46,25.42,11.6,11.62,-10.02,-15.35,NA,0,0,33.47,23.4,14.94,8.31,17.37,NA,NA,0,29.07,14.31,-32.89,-13.17,0,NA,NA,0,0,-4.78,-22.33,2.28,NA,-40.46
"TKL","Tokelau","East Asia and the Pacific",0,1,0,1228.6,"Lower",1400,NA,NA,NA,NA,NA,NA,NA,100,NA,NA,43.32,0,40.28,NA,NA,100,NA,NA,NA,NA,NA,NA,NA,NA,NA,NA,0,40.28,41.29,0,NA,NA,NA,86.64,NA,NA,NA,NA,NA,NA,NA,NA,50,NA,NA,-8.24,0,32.26,NA,NA,50,NA,NA,NA,NA,NA,NA,NA,NA,NA,NA,-16.49,32.26,0,0,NA,NA,NA,0,NA
"TKM","Turkmenistan","Eastern Europe and Central Asia",1,1,0,7077.828563,"Middle",5041995,31.75,59.92,19.67,43.17,5.35,55.77,14.42,97.57,16.75,100,NA,66.67,17.88,76.2,43.17,100,95.13,35.34,100,NA,26.15,14.66,0.92,100,100,NA,NA,NA,17.88,0,0.02,21.39,12.12,NA,5.35,-2.4,4.39,-7.96,5.71,-47.33,1.64,0.07,4.5,-5.85,0,NA,0,0,0,5.71,13.72,-4.72,3.29,0,NA,-50,50,0.58,NA,0,0,NA,NA,0,0,-0.1,-25.09,13.38,NA,-47.33
"TLS","Timor-Leste","East Asia and the Pacific",0,0,0,832.1789476,"Lower",1124355,NA,46,NA,33.08,43.65,17.86,NA,100,NA,38.78,49.46,0,71.52,14.81,33.08,NA,100,20.91,NA,NA,NA,NA,NA,10.97,NA,94.4,0,80.69,34.82,0,NA,NA,NA,98.92,43.65,NA,24.33,NA,36.24,-28.17,24.83,NA,0,NA,-30.61,0,0,24.34,22.75,36.24,NA,0,26.91,NA,NA,NA,NA,NA,-2.8,NA,-44.51,-50,27.39,12.1,0,NA,NA,NA,50,-28.17
"TON","Tonga","East Asia and the Pacific",0,1,0,4141.63315,"Middle",104058,NA,58.23,NA,68.2,71.04,84.98,NA,11.54,NA,100,43.81,0,81.76,69.96,68.2,11.54,NA,100,NA,NA,NA,NA,NA,100,NA,NA,12.6,81.75,91.94,0,NA,NA,NA,75.02,71.04,NA,10.11,NA,11.55,-14.48,14.41,NA,2.94,NA,0,-23.7,0,0.04,19.16,11.55,2.94,NA,9.67,NA,NA,NA,NA,NA,NA,NA,0,2.61,0.01,28.61,0,NA,NA,NA,-50,-14.48
"TTO","Trinidad and Tobago","Latin America and Caribbean",0,0,0,23079.99981,"Upper",1341465,47.04,67.63,38.22,58.27,32.6,53.99,0.38,100,44.47,59.4,22.75,50.45,69.76,52.39,58.27,100,NA,55.59,27.95,54.14,0,0,2.25,43.06,100,35.15,5.19,72.96,98.71,95.45,0.25,34.43,54.51,40.32,32.6,-0.65,11.12,-10.28,6.55,-33.7,11.19,-18.14,20.2,-2.92,-20.3,-10.38,16.67,0,0,6.55,20.2,NA,22.38,0,0,-50,-1.41,-0.16,-32.43,0,-28.47,-19.48,0,0,50,-0.83,-13.14,7.3,-1.29,-33.7
"TUN","Tunisia","Middle East and North Africa",0,0,0,7703.781656,"Middle",10549100,46.66,70.14,36.6,66.4,8.92,47.76,50.41,100,27.22,67.32,22.79,66.67,25.66,39.92,66.4,100,100,55.59,100,NA,82.84,57.49,7.49,100,49.9,52.07,31.31,69.72,7.41,0,1.12,28.29,26.16,14.26,8.92,6.93,20.69,-4.33,18.52,-45.54,20.71,4.41,25,11.22,-16.34,2.6,0,0,15.42,18.52,50,0,26,0,NA,-14.06,25,3.99,-23.96,-25.05,0,-17.02,0,0,0,-0.12,7.64,14.8,22.22,-45.54
"TUR","Turkey","Eastern Europe and Central Asia",0,0,0,12539.65501,"Middle",72752325,44.8,69.8,34.08,74.13,9.97,66.11,42.71,64.82,30.65,91.54,25.03,42.83,20.19,48.04,74.13,31.83,97.8,84.18,16.52,11.19,61.85,47.82,9.25,100,100,74.61,40.15,76.29,11.12,95.45,19.58,26.32,34.97,9.9,9.97,11.08,35.66,-9.04,48.51,-45.01,34.06,-21.4,11.56,15.25,-4.23,8.45,-3.83,0,18.12,48.51,0,23.13,50,-5.75,0,-50,2.87,-3.88,-12.69,0,0,32.17,0,0,0,-28.81,10.65,19.86,-15.28,-45.01
"TUV","Tuvalu","East Asia and the Pacific",0,1,0,1668,"Lower",9827,NA,NA,NA,NA,NA,67.54,NA,20.02,NA,100,50,0,26.47,35.09,NA,20.02,NA,100,NA,NA,NA,NA,NA,100,NA,NA,0,26.48,0.35,0,NA,NA,NA,100,NA,NA,NA,NA,NA,NA,18.95,NA,4.62,NA,0,0,0,0,-12.09,NA,4.62,NA,50,NA,NA,NA,NA,NA,NA,NA,0,0,0,0,0,NA,NA,NA,0,NA
"TWN","Taiwan","East Asia and the Pacific",0,0,0,29820.8,"Upper",23024960,62.23,95.03,48.17,90.06,33.01,100,23.73,100,50.85,100,26.32,36.8,72.65,100,90.06,100,NA,100,12.02,NA,21.37,42,7.45,100,100,100,29.27,73.27,67.65,86.36,2.87,37.99,63.72,23.38,33.01,8.25,12.31,4.93,24.63,-33.5,0,-7.83,0,22.43,0,-20.71,9.3,36.9,0,24.63,0,NA,0,3.54,NA,-36.01,14.14,-1.57,0,0,0,-44.45,41.54,0,20.83,0.37,14.49,30.37,3.02,-33.5
"TZA","Tanzania","Sub-Saharan Africa",0,0,1,1285.616609,"Lower",44841226,54.26,27.47,65.74,25.32,39.95,9.01,69.35,50.22,63.75,51.04,31.3,66.67,92.08,5.88,25.32,0.44,100,12.14,100,78.9,100,61.42,16.35,15.81,70.48,66.83,18.5,81.89,99.82,0,60.16,76.46,51.04,44.1,39.95,1.93,16.38,-9.89,32.89,-30.02,0,-20.04,-0.25,-3.47,-24.48,-21.07,0,12.42,0,32.89,-0.5,0,0,0,47.36,0,-27.24,-50,-16.59,-14.76,-42.1,-47.84,0.01,0.95,0,-50,-8.32,1.38,5.71,-30.02
"UGA","Uganda","Sub-Saharan Africa",1,0,0,1141.393771,"Lower",33424683,NA,25.64,NA,18.25,44.19,16.75,NA,49.34,NA,26.55,NA,49.01,76.59,13.97,18.25,0.59,98.08,19.53,73.52,98.25,NA,NA,NA,0,0,79.65,NA,NA,65.76,0,NA,NA,NA,NA,44.19,NA,21.7,NA,25.52,-27.91,10.68,NA,25.07,NA,-36.73,NA,-1.41,13.05,5.34,25.52,0.14,50,16.01,-2.11,0,NA,NA,NA,-10.18,-50,-50,NA,NA,19.58,0,NA,NA,NA,NA,-27.91
"UKR","Ukraine","Eastern Europe and Central Asia",0,0,0,6017.081958,"Middle",45870700,46.31,72.01,35.3,75.41,18.04,68.05,25.14,69.15,18.82,88.94,19.43,45.23,46.42,61.18,75.41,38.3,100,74.93,36.03,99.96,45.68,17.33,13.7,100,100,66.83,6.3,82.09,20.35,63.64,6.85,21.85,15.79,32.55,18.04,3.19,11.17,-3.33,18.78,-40.98,8.28,21.33,-1.15,10.95,-5.53,-20.42,-33.33,0.11,0,18.78,-2.29,0,16.55,-50,0,12.91,50,-5.51,-16.59,0,0,-17.62,0,0.17,0,0.91,1.18,20.71,-23.22,-40.98
"URY","Uruguay","Latin America and Caribbean",0,0,0,12902.74145,"Middle",3356584,57.06,80.34,47.07,74.13,41.42,100,62.1,73.12,51.38,75.94,23.9,78.79,20.26,100,74.13,46.25,100,100,100,NA,77.44,63.58,16.29,100,100,27.81,40.5,50.65,1.47,36.36,68.69,47.22,55.53,7.31,41.42,-0.67,11.89,-10.94,4.12,-29.29,50,-37.25,-10.67,12.89,-12.03,1.9,0,5.06,50,4.12,-21.34,0,50,0,NA,-50,-13.57,-50,-36.1,0,0,8.11,12.98,0.17,0,-50,12.39,13.4,-4.3,-29.29
"USA","United States of America","North America",0,0,0,42642.17831,"Upper",309050816,56.59,94.47,40.36,92.89,12.59,92.09,17.73,100,30.4,79.04,17.18,55.17,71.76,100,92.89,100,100,84.18,37.31,61.11,5.38,37.78,7.2,100,100,37.12,20.36,100,49.35,90.91,10.29,14.51,46.3,14,12.59,3.61,3.46,3.73,6.91,-43.7,0,25.94,0,10.07,-10.48,3.89,23.3,0.24,0,6.91,0,0,0,34.95,0,42.99,21.41,12.73,-31.44,0,0,5.9,0.62,0,0,9.95,9.08,11.06,1.88,-43.7
"UZB","Uzbekistan","Eastern Europe and Central Asia",1,1,0,2792.872333,"Middle",28160361.37,32.24,52.74,23.45,50.7,7.36,69.89,24.08,39.7,30.59,84.04,NA,66.67,12.88,100,50.7,26.34,53.06,39.78,100,NA,57.27,0,8.17,68.09,100,NA,NA,NA,12.88,0,18.7,41.78,19.4,NA,7.36,4.73,8.1,1.98,5.99,-46.32,20.05,23.1,0.37,13.3,-7.98,NA,0,0,50,5.99,0.75,-0.01,-9.9,0,NA,50,0,4.76,NA,0,-15.96,NA,NA,0,0,32.57,8.55,18.06,NA,-46.32
"VAT","Holy See","Europe",0,1,0,NA,NA,829,NA,NA,NA,NA,NA,NA,NA,NA,NA,NA,NA,0,NA,NA,NA,NA,NA,NA,NA,NA,NA,NA,NA,NA,NA,NA,NA,NA,NA,0,NA,NA,NA,NA,NA,NA,NA,NA,NA,NA,NA,NA,NA,NA,NA,NA,0,NA,NA,NA,NA,NA,NA,NA,NA,NA,NA,NA,NA,NA,NA,NA,NA,NA,0,NA,NA,NA,NA,NA
"VCT","Saint Vincent and the Grenadines","Latin America and Caribbean",0,0,0,7773.820575,"Middle",109333,NA,NA,NA,68.2,72.77,NA,NA,4.75,NA,85.37,98.38,0,49.16,NA,68.2,4.75,NA,NA,NA,28.59,NA,NA,NA,100,NA,56.1,100,56.23,41.71,0,NA,NA,NA,96.76,72.77,NA,NA,NA,21.63,-13.61,NA,NA,0,NA,-7.32,43.66,0,0,NA,21.63,0,NA,NA,NA,0,NA,NA,NA,-21.95,NA,0,37.33,0,0,0,NA,NA,NA,50,-13.61
"VEN","Venezuela","Latin America and Caribbean",0,0,0,10805.45135,"Middle",28834000,55.62,71.03,49.02,66.4,31.77,51.33,37.33,100,39.43,45.17,33.79,26.03,88.14,50.11,66.4,NA,100,52.55,39.04,62.53,46.52,20.33,20.09,30.44,NA,74.61,50.98,88.65,100,0,72.79,35.77,43.1,16.59,31.77,2.88,9.27,-2.34,13.69,-34.11,9.69,7.05,0,4.14,-27.42,23.06,0,0,12.6,13.69,NA,0,6.78,0,0,-15.94,21.44,11.59,-12.69,NA,-34.78,48.09,0,0,0,22.61,1.73,6.56,-1.97,-34.11
"VGB","British Virgin Islands","Latin America and Caribbean",0,0,0,38981.25,"Upper",24939,NA,NA,NA,NA,48.93,100,NA,NA,NA,100,45.49,0,49.45,100,NA,NA,NA,100,NA,NA,NA,NA,NA,100,NA,100,17.67,49.49,32.76,0,NA,NA,NA,73.31,48.93,NA,NA,NA,NA,-25.54,0,NA,NA,NA,0,-45.2,0,0,0,NA,NA,NA,0,NA,NA,NA,NA,NA,0,NA,0,-50,0,0,0,NA,NA,NA,-40.4,-25.54
"VIR","United States Virgin Islands","Latin America and Caribbean",0,0,0,14681.25,"Upper",109775,NA,NA,NA,85.35,57.82,NA,NA,NA,NA,68.62,42.72,0,79.86,NA,85.35,NA,NA,NA,NA,NA,NA,NA,NA,19.91,100,85.95,52.09,73.66,86.06,0,NA,NA,NA,33.35,57.82,NA,NA,NA,10.41,-21.09,NA,NA,NA,NA,-15.69,-38.51,0,0,NA,10.41,NA,NA,NA,NA,NA,NA,NA,NA,-7.02,0,-40.04,-40.84,0,0,0,NA,NA,NA,-36.18,-21.09
"VNM","Viet Nam","East Asia and the Pacific",0,0,0,2874.782702,"Middle",86936464.42,50.64,51.57,50.24,66.4,37.76,42.5,56.52,30.98,43.82,81.39,19.43,47.79,54.12,29.4,66.4,7.15,54.81,55.59,33.06,44.71,97.92,43.15,11.58,100,100,44.17,25.76,71.71,36.65,77.27,36.04,53.09,34.56,13.11,37.76,4.2,20.38,-9.04,24.21,-31.12,45.17,-21.01,-12.08,-17.61,-9.31,-1.03,19.56,6.16,40.34,24.21,2.9,-27.05,50,19.96,0,-14.02,-23.68,-2.13,-27.92,0,0,0,12.61,1.94,18.75,-50,-27.01,-8.21,-2.06,-31.12
"VUT","Vanuatu","East Asia and the Pacific",0,0,0,4133.638243,"Middle",239651,NA,38.65,NA,63.58,90.74,25.08,NA,2.35,NA,88.94,69.89,0,24.5,16.12,63.58,2.35,NA,34.04,NA,0,NA,NA,NA,100,NA,66.83,46.15,32.85,24.59,0,NA,NA,NA,93.62,90.74,NA,25.19,NA,38.39,-4.63,24.23,NA,-0.25,NA,-5.53,46.59,0,1.76,18.22,38.39,-0.25,NA,30.24,NA,0,NA,NA,NA,-16.59,NA,0,50,2.39,0.28,0,NA,NA,NA,43.19,-4.63
"WLF","Wallis and Futuna Islands","East Asia and the Pacific",0,1,0,3847.5,"Middle",15343,NA,NA,NA,NA,NA,NA,NA,NA,NA,100,50,0,0,NA,NA,NA,NA,NA,NA,NA,NA,NA,NA,100,NA,NA,0,0,1.18,0,NA,NA,NA,100,NA,NA,NA,NA,NA,NA,NA,NA,NA,NA,0,-25,0,0,NA,NA,NA,NA,NA,NA,NA,NA,NA,NA,NA,NA,0,-50,0,0,0,NA,NA,NA,0,NA
"WSM","Samoa","East Asia and the Pacific",0,1,0,3946.865285,"Middle",183081,NA,55.24,NA,68.68,83.67,70.73,NA,12.88,NA,100,39,0,35.1,100,68.68,12.88,NA,41.47,NA,0,NA,NA,NA,100,NA,NA,8.02,47.41,20.59,0,NA,NA,NA,69.99,83.67,NA,13.48,NA,25.17,-8.16,-2.3,NA,5.86,NA,0,-25,0,0.21,0,25.17,5.86,NA,-4.6,NA,0,NA,NA,NA,NA,NA,0,0,0,12.24,0,NA,NA,NA,-50,-8.16
"YEM","Yemen","Middle East and North Africa",0,1,0,2266.768329,"Lower",24052514,35.49,33.7,36.26,42.05,15.03,16.03,39.86,34.67,28.03,100,35.27,72.83,35.52,15.67,42.05,14.8,54.54,16.4,79.7,NA,100,11.59,5.35,100,100,100,45.05,63.71,3.29,59.09,0,38.47,17.58,25.49,15.03,9.33,23.89,-2.59,44.49,-42.49,7.71,-0.1,-1.11,35.73,0,-18.04,0,0,20.39,44.49,1.44,-3.66,-4.97,0,NA,0,-17.94,41.2,0,0,0,-18.64,0,0,0,0,37.58,33.89,-17.43,-42.49
"ZAF","South Africa","Sub-Saharan Africa",0,0,0,9476.358513,"Middle",49991300,34.55,42.52,31.13,33.99,11.95,39.3,21.03,62.79,11.99,69.4,17.46,37.02,50.24,31.14,33.99,25.58,100,47.45,30.53,40.07,34.96,24.83,0,100,100,8.21,10.87,66.45,38.24,50,0.71,11.69,12.28,24.04,11.95,-2.65,7.85,-11.23,4.72,-44.03,18.93,-9.62,3.02,2.15,-15.3,-7.44,-33.33,4.33,11.99,4.72,6.05,0,25.87,-50,0,-36.72,11,-3.17,-45.89,0,0,-17.07,10.57,0,0,-0.98,-1.28,5.59,2.2,-44.03
"ZMB","Zambia","Sub-Saharan Africa",1,0,0,1401.149955,"Lower",12926409,55.56,23.06,69.48,13.12,41.72,14.82,86.59,51.17,8.86,81.39,NA,47.29,100,14.38,13.12,2.35,100,15.25,43.67,NA,100,72.85,74.23,44.18,100,100,NA,NA,100,54.55,99.69,17.72,0,NA,41.72,6.55,14.34,0.18,14.31,-29.14,5.88,20.97,22.86,5.8,-9.3,NA,-16.67,0,3.24,14.31,0,45.73,8.52,-50,NA,0,45.46,32.05,0,0,-27.91,NA,NA,0,50,1.71,11.6,0,NA,-29.14
"ZWE","Zimbabwe","Sub-Saharan Africa",1,0,0,93.19,"Lower",12571454,52.76,32.33,61.52,27.13,25.65,22.6,57.31,52.46,36.36,46.72,NA,66.67,99.46,12.4,27.13,4.91,100,32.81,100,98.84,100,39.08,4.18,4.05,100,36.11,NA,NA,99.76,0,53.34,46.59,26.13,NA,25.65,2.7,12.2,-5.07,23.2,-37.18,2.88,5,-0.48,7.29,-26.64,NA,0,0.23,0,23.2,-0.95,0,5.76,0,0.06,0,-10.52,18.04,-31.94,0,-47.98,NA,NA,0.31,0,39.84,13.79,0.8,NA,-37.18
